candidate_id,legacy_cluster_id,legacy_observation_ids,legacy_quote_count,ho600_domain,ho600_subcategory,legacy_categories,legacy_subcategories,brands,representative_item,representative_spec,channel_regions,unit,migration_state,exact2020_quote_count,current2026_quote_count,historical_non2020_quote_count,best_comparability,corporate_group,selection_state,selection_note,source_count_2020,source_count_2026,evidence_link_status
LEG-EC-001,EC-001,TPI-286,1,食,便利即食,便利商店食品飲料,鮮食／即飲,Hi-Life 萊爾富,Hi-L碳燒雞腿,一般門市；單件；本輪僅鎖定商品身份,萊爾富一般門市,件,RESEARCHABLE-IDENTITY-ONLY,0,0,0,B,UNRESOLVED,UNREVIEWED,,0,0,MIGRATED — see Evidence
LEG-EC-002,EC-002,TPI-281,1,食,便利即食,便利商店食品飲料,鮮食／即飲,全家FamilyMart,凱薩沙拉,一般門市；單份,全家FamilyMart一般門市,份,RESEARCHABLE-CURRENT-ONLY,0,1,0,A,UNRESOLVED,UNREVIEWED,,0,1,MIGRATED — see Evidence
LEG-EC-003,EC-003,TPI-264,1,食,便利即食,便利商店食品飲料,鮮食／即飲,7-ELEVEN,凱薩雞肉沙拉,一般門市；單份；Simple-Fit系列,7-ELEVEN一般門市,份,RESEARCHABLE-CURRENT-ONLY,0,1,0,A,UNRESOLVED,UNREVIEWED,,0,1,MIGRATED — see Evidence
LEG-EC-004,EC-004,TPI-265,1,食,便利即食,便利商店食品飲料,鮮食／即飲,7-ELEVEN,北海道蕎麥風味沾麵,一般門市；單份；冷食麵,7-ELEVEN一般門市,份,RESEARCHABLE-CURRENT-ONLY,0,1,0,A,UNRESOLVED,UNREVIEWED,,0,1,MIGRATED — see Evidence
LEG-EC-005,EC-005,"TPI-262, TPI-277, TPI-288, TPI-295",4,食,便利即食,便利商店食品飲料,鮮食／即飲,Coca-Cola 可口可樂 | 全家FamilyMart | 萊爾富 | OKmart,可口可樂 600ml,600ml；7-ELEVEN兌換票券對應單瓶價格,7-ELEVEN一般門市 | 全家FamilyMart | 萊爾富 | OKmart,瓶 | 件,RESEARCHABLE-CURRENT-ONLY,0,1,0,A,UNRESOLVED,UNREVIEWED,,0,1,MIGRATED — see Evidence
LEG-EC-006,EC-006,"TPI-258, TPI-271",2,食,便利即食,便利商店食品飲料,鮮食／即飲,7-ELEVEN | 全家FamilyMart,大亨堡麵包＋原味熱狗,一般門市；原味熱狗＋大亨堡麵包,7-ELEVEN | 全家FamilyMart,份 | 件,RESEARCHABLE-CURRENT-ONLY,0,1,0,A,UNRESOLVED,UNREVIEWED,,0,1,MIGRATED — see Evidence
LEG-EC-007,EC-007,TPI-275,1,食,便利即食,便利商店食品飲料,鮮食／即飲,全家FamilyMart,排骨蛋炒飯,一般門市；單份；非優惠價,全家FamilyMart一般門市,份,RESEARCHABLE-CURRENT-ONLY,0,1,0,A,UNRESOLVED,UNREVIEWED,,0,1,MIGRATED — see Evidence
LEG-EC-008,EC-008,TPI-298,1,食,便利即食,便利商店食品飲料,鮮食／即飲,鮮乳坊,桂芳鮮乳 936ml,936ml；全家一般門市；一般售價,全家FamilyMart,瓶,RESEARCHABLE-CURRENT-ONLY,0,1,0,A,UNRESOLVED,UNREVIEWED,,0,1,MIGRATED — see Evidence
LEG-EC-009,EC-009,TPI-255,1,食,便利即食,便利商店食品飲料,鮮食／即飲,7-ELEVEN,極饗-蜜汁大雞排便當,一般門市；單份；非優惠價,7-ELEVEN一般門市,份,RESEARCHABLE-CURRENT-ONLY,0,1,0,A,UNRESOLVED,UNREVIEWED,,0,1,MIGRATED — see Evidence
LEG-EC-010,EC-010,TPI-253,1,食,便利即食,便利商店食品飲料,鮮食／即飲,7-ELEVEN,櫸木燻雞飯糰,一般門市；單顆；獨立於TPI-080,7-ELEVEN一般門市,顆,RESEARCHABLE-CURRENT-ONLY,0,1,0,A,UNRESOLVED,UNREVIEWED,,0,1,MIGRATED — see Evidence
LEG-EC-011,EC-011,"TPI-259, TPI-272",2,食,便利即食,便利商店食品飲料,鮮食／即飲,7-ELEVEN | 全家FamilyMart,烤地瓜100g,固定同品項／同容量,7-ELEVEN | 全家FamilyMart,件,RESEARCHABLE-IDENTITY-ONLY,0,0,0,,UNRESOLVED,UNREVIEWED,,0,0,MIGRATED — see Evidence
LEG-EC-012,EC-012,TPI-499,1,食,便利即食,便利商店食品飲料,鮮食／即飲,FamilyMart Collection,牧場直送4.0鮮乳 900ml,900ml；全家一般門市；一般售價,全家FamilyMart,瓶,PREQUALIFIED-EXACT2020,1,1,0,A,UNRESOLVED,LEGACY-KEEP-CANDIDATE,Grandfathered: retain existing valid evidence; final basket still unsealed.,1,1,MIGRATED — see Evidence
LEG-EC-013,EC-013,TPI-297,1,食,便利即食,便利商店食品飲料,鮮食／即飲,統一瑞穗,瑞穗極制72度低溫殺菌鮮乳 930ml,930ml；一般門市；單瓶；非活動折價,7-ELEVEN一般門市,瓶,PREQUALIFIED-EXACT2020,1,1,0,A,UNRESOLVED,LEGACY-KEEP-CANDIDATE,Grandfathered: retain existing valid evidence; final basket still unsealed.,1,1,MIGRATED — see Evidence
LEG-EC-014,EC-014,"TPI-263, TPI-279, TPI-289, TPI-296",4,食,便利即食,便利商店食品飲料,鮮食／即飲,7-ELEVEN | 全家FamilyMart | 萊爾富 | OKmart,礦泉水600ml,固定同品項／同容量,7-ELEVEN | 全家FamilyMart | 萊爾富 | OKmart,件,RESEARCHABLE-IDENTITY-ONLY,0,0,0,,UNRESOLVED,UNREVIEWED,,0,0,MIGRATED — see Evidence
LEG-EC-015,EC-015,"TPI-261, TPI-278",2,食,便利即食,便利商店食品飲料,鮮食／即飲,7-ELEVEN | 全家FamilyMart,純喫茶紅茶 650ml,650ml；一般門市；單瓶,7-ELEVEN | 全家FamilyMart,瓶 | 件,PREQUALIFIED-EXACT2020,1,1,0,A,UNRESOLVED,LEGACY-KEEP-CANDIDATE,Grandfathered: retain existing valid evidence; final basket still unsealed.,1,1,MIGRATED — see Evidence
LEG-EC-016,EC-016,"TPI-260, TPI-280",2,食,便利即食,便利商店食品飲料,鮮食／即飲,7-ELEVEN | 全家FamilyMart,統一布丁100g,固定同品項／同容量,7-ELEVEN | 全家FamilyMart,件,RESEARCHABLE-CURRENT-ONLY,0,1,0,,UNRESOLVED,UNREVIEWED,,0,1,MIGRATED — see Evidence
LEG-EC-017,EC-017,"TPI-252, TPI-269, TPI-285, TPI-292",4,食,便利即食,便利商店食品飲料,鮮食／即飲,7-ELEVEN | 全家FamilyMart | 萊爾富 | OKmart,御選肉鬆飯糰,一般門市；單顆,7-ELEVEN | 全家FamilyMart | 萊爾富 | OKmart,顆 | 件,PREQUALIFIED-EXACT2020,1,1,0,A,UNRESOLVED,LEGACY-KEEP-CANDIDATE,Grandfathered: retain existing valid evidence; final basket still unsealed.,1,1,MIGRATED — see Evidence
LEG-EC-018,EC-018,"TPI-251, TPI-267, TPI-283, TPI-290",4,食,便利即食,便利商店食品飲料,鮮食／即飲,7-ELEVEN | 全家FamilyMart | 萊爾富 | OKmart,茶葉蛋,一般門市；單顆；官方2026兌換表列商品價,7-ELEVEN一般門市 | 全家FamilyMart | 萊爾富 | OKmart,顆 | 件,PREQUALIFIED-EXACT2020,1,1,0,A,UNRESOLVED,LEGACY-KEEP-CANDIDATE,Grandfathered: retain existing valid evidence; final basket still unsealed.,1,1,MIGRATED — see Evidence
LEG-EC-019,EC-019,TPI-276,1,食,便利即食,便利商店食品飲料,鮮食／即飲,全家FamilyMart,蕃茄蘑菇義大利麵,一般門市；單份；限店販售,全家FamilyMart一般門市,份,RESEARCHABLE-CURRENT-ONLY,0,1,0,A,UNRESOLVED,UNREVIEWED,,0,1,MIGRATED — see Evidence
LEG-EC-020,EC-020,TPI-293,1,食,便利即食,便利商店食品飲料,鮮食／即飲,OKmart,鐵道排骨便當,一般門市；340g；單份,OKmart一般門市,份,RESEARCHABLE-CURRENT-ONLY,0,1,0,A,UNRESOLVED,UNREVIEWED,,0,1,MIGRATED — see Evidence
LEG-EC-021,EC-021,"TPI-256, TPI-273, TPI-287, TPI-294",4,食,便利即食,便利商店食品飲料,鮮食／即飲,7-ELEVEN | 全家FamilyMart | 萊爾富 | OKmart,關東煮白蘿蔔,一般門市；單個,7-ELEVEN一般門市 | 全家FamilyMart | 萊爾富 | OKmart,個 | 件,RESEARCHABLE-CURRENT-ONLY,0,1,0,A,UNRESOLVED,UNREVIEWED,,0,1,MIGRATED — see Evidence
LEG-EC-022,EC-022,"TPI-257, TPI-274",2,食,便利即食,便利商店食品飲料,鮮食／即飲,7-ELEVEN | 全家FamilyMart,關東煮台灣黑輪,一般門市；單支,7-ELEVEN一般門市 | 全家FamilyMart,支 | 件,RESEARCHABLE-CURRENT-ONLY,0,1,0,A,UNRESOLVED,UNREVIEWED,,0,1,MIGRATED — see Evidence
LEG-EC-023,EC-023,TPI-080,1,食,便利即食,便利商店食品飲料,飯糰,7-ELEVEN,雙蔬鮪魚飯糰,單顆,7-ELEVEN,顆,PREQUALIFIED-EXACT2020,1,1,0,A,UNRESOLVED,LEGACY-KEEP-CANDIDATE,Grandfathered: retain existing valid evidence; final basket still unsealed.,1,1,MIGRATED — see Evidence
LEG-EC-024,EC-024,TPI-282,1,食,便利即食,便利商店食品飲料,鮮食／即飲,全家FamilyMart,韓式泡菜冷麵,一般門市；單份；冷食麵,全家FamilyMart一般門市,份,RESEARCHABLE-CURRENT-ONLY,0,1,0,A,UNRESOLVED,UNREVIEWED,,0,1,MIGRATED — see Evidence
LEG-EC-025,EC-025,TPI-266,1,食,便利即食,便利商店食品飲料,鮮食／即飲,7-ELEVEN,香蒜白酒蛤蠣義大利麵,一般門市；單份；非優惠價,7-ELEVEN一般門市,份,PREQUALIFIED-EXACT2020,1,1,0,A,UNRESOLVED,LEGACY-KEEP-CANDIDATE,Grandfathered: retain existing valid evidence; final basket still unsealed.,1,1,MIGRATED — see Evidence
LEG-EC-026,EC-026,TPI-270,1,食,便利即食,便利商店食品飲料,鮮食／即飲,全家FamilyMart,鮪魚三明治,固定同品項／同容量,全家FamilyMart,件,RESEARCHABLE-IDENTITY-ONLY,0,0,0,,UNRESOLVED,UNREVIEWED,,0,0,MIGRATED — see Evidence
LEG-EC-027,EC-027,TPI-254,1,食,便利即食,便利商店食品飲料,鮮食／即飲,7-ELEVEN,鮪魚洋芋溏心蛋三明治,一般門市；單份；具名SKU,7-ELEVEN一般門市,份,RESEARCHABLE-CURRENT-ONLY,0,1,0,A,UNRESOLVED,UNREVIEWED,,0,1,MIGRATED — see Evidence
LEG-EC-028,EC-028,"TPI-268, TPI-284, TPI-291",3,食,便利即食,便利商店食品飲料,鮮食／即飲,全家FamilyMart | 萊爾富 | OKmart,經典飯糰鮪魚,固定同品項／同容量,全家FamilyMart | 萊爾富 | OKmart,件,RESEARCHABLE-IDENTITY-ONLY,0,0,0,,UNRESOLVED,UNREVIEWED,,0,0,MIGRATED — see Evidence
LEG-EC-029,EC-029,TPI-427,1,行,停車,停車,民營停車場,Times PARKING,Times 中和立言街｜一般小客車當日上限,同一站點；一般臨停；當日最高,新北市中和區,元/日,RESEARCHABLE-IDENTITY-ONLY,0,0,0,,UNRESOLVED,UNREVIEWED,,0,0,MIGRATED — see Evidence
LEG-EC-030,EC-030,TPI-426,1,行,停車,停車,民營停車場,Times PARKING,Times 中和立言街｜一般小客車計時費,同一站點；一般臨停；每小時,新北市中和區,元/小時,RESEARCHABLE-IDENTITY-ONLY,0,0,0,,UNRESOLVED,UNREVIEWED,,0,0,MIGRATED — see Evidence
LEG-EC-031,EC-031,TPI-429,1,行,停車,停車,民營停車場,Times PARKING,Times 台中敦富六街｜一般小客車當日上限,同一站點；一般臨停；當日最高,台中市北屯區,元/日,RESEARCHABLE-IDENTITY-ONLY,0,0,0,,UNRESOLVED,UNREVIEWED,,0,0,MIGRATED — see Evidence
LEG-EC-032,EC-032,TPI-428,1,行,停車,停車,民營停車場,Times PARKING,Times 台中敦富六街｜一般小客車計時費,同一站點；一般臨停；每小時,台中市北屯區,元/小時,RESEARCHABLE-IDENTITY-ONLY,0,0,0,,UNRESOLVED,UNREVIEWED,,0,0,MIGRATED — see Evidence
LEG-EC-033,EC-033,TPI-425,1,行,停車,停車,民營停車場,Times PARKING,Times 敦北南京｜一般小客車當日上限,同一站點；一般臨停；當日最高,台北市松山區,元/日,RESEARCHABLE-IDENTITY-ONLY,0,0,0,,UNRESOLVED,UNREVIEWED,,0,0,MIGRATED — see Evidence
LEG-EC-034,EC-034,TPI-424,1,行,停車,停車,民營停車場,Times PARKING,Times 敦北南京｜一般小客車計時費,同一站點；一般臨停；每小時,台北市松山區,元/小時,RESEARCHABLE-IDENTITY-ONLY,0,0,0,,UNRESOLVED,UNREVIEWED,,0,0,MIGRATED — see Evidence
LEG-EC-035,EC-035,TPI-431,1,行,停車,停車,民營停車場,Times PARKING,Times 高雄錦田路｜一般小客車當日上限,同一站點；一般臨停；當日最高,高雄市新興區,元/日,RESEARCHABLE-IDENTITY-ONLY,0,0,0,,UNRESOLVED,UNREVIEWED,,0,0,MIGRATED — see Evidence
LEG-EC-036,EC-036,TPI-430,1,行,停車,停車,民營停車場,Times PARKING,Times 高雄錦田路｜一般小客車計時費,同一站點；一般臨停；每小時,高雄市新興區,元/小時,RESEARCHABLE-IDENTITY-ONLY,0,0,0,,UNRESOLVED,UNREVIEWED,,0,0,MIGRATED — see Evidence
LEG-EC-037,EC-037,TPI-433,1,行,停車,停車,民營停車場,嘟嘟房,嘟嘟房世貿站｜小客車當日上限,一般臨停；當日當次最高,台北市信義區,元/日,RESEARCHABLE-CURRENT-ONLY,0,1,0,A,UNRESOLVED,UNREVIEWED,,0,1,MIGRATED — see Evidence
LEG-EC-038,EC-038,TPI-432,1,行,停車,停車,民營停車場,嘟嘟房,嘟嘟房世貿站｜小客車計時費,一般臨停；每小時,台北市信義區,元/小時,RESEARCHABLE-CURRENT-ONLY,0,1,0,A,UNRESOLVED,UNREVIEWED,,0,1,MIGRATED — see Evidence
LEG-EC-039,EC-039,TPI-435,1,行,停車,停車,民營停車場,嘟嘟房,嘟嘟房新店莊敬站｜平日小客車當日上限,2026-08-29後平日；當日當次最高,新北市新店區中正路542-1號旁,元/日,RESEARCHABLE-CURRENT-ONLY,0,1,0,A,UNRESOLVED,UNREVIEWED,,0,1,MIGRATED — see Evidence
LEG-EC-040,EC-040,TPI-434,1,行,停車,停車,民營停車場,嘟嘟房,嘟嘟房新店莊敬站｜平日小客車計時費,2026-08-29後平日；每小時,新北市新店區中正路542-1號旁,元/小時,RESEARCHABLE-CURRENT-ONLY,0,1,0,A,UNRESOLVED,UNREVIEWED,,0,1,MIGRATED — see Evidence
LEG-EC-041,EC-041,TPI-437,1,行,停車,停車,民營停車場,嘟嘟房,嘟嘟房高鐵台中站立體停車場P1｜小客車當日上限,P1；一般臨停；當日最高,台中市烏日區高鐵台中站,元/日,RESEARCHABLE-CURRENT-ONLY,0,1,0,A,UNRESOLVED,UNREVIEWED,,0,1,MIGRATED — see Evidence
LEG-EC-042,EC-042,TPI-436,1,行,停車,停車,民營停車場,嘟嘟房,嘟嘟房高鐵台中站立體停車場P1｜小客車計時費,P1；一般臨停；每小時,台中市烏日區高鐵台中站,元/小時,RESEARCHABLE-CURRENT-ONLY,0,1,0,A,UNRESOLVED,UNREVIEWED,,0,1,MIGRATED — see Evidence
LEG-EC-043,EC-043,TPI-439,1,行,停車,停車,民營停車場,嘟嘟房,嘟嘟房高雄陽明2站｜小客車當日上限,一般臨停；連續停放最高,高雄市三民區陽明路169號,元/日,RESEARCHABLE-CURRENT-ONLY,0,1,0,A,UNRESOLVED,UNREVIEWED,,0,1,MIGRATED — see Evidence
LEG-EC-044,EC-044,TPI-438,1,行,停車,停車,民營停車場,嘟嘟房,嘟嘟房高雄陽明2站｜小客車計時費,一般臨停；每半小時20元，換算每小時40元,高雄市三民區陽明路169號,元/小時,RESEARCHABLE-CURRENT-ONLY,0,1,0,A,UNRESOLVED,UNREVIEWED,,0,1,MIGRATED — see Evidence
LEG-EC-045,EC-045,TPI-441,1,行,停車,停車,民營停車場,日月亭,日月亭松山車站停車場｜全日月租,同一站點；全日月租,台北市松山區市民大道七段8號,元/月,RESEARCHABLE-CURRENT-ONLY,0,1,0,A,UNRESOLVED,UNREVIEWED,,0,1,MIGRATED — see Evidence
LEG-EC-046,EC-046,TPI-440,1,行,停車,停車,民營停車場,日月亭,日月亭松山車站停車場｜小客車計時費,一般臨停；每小時,台北市松山區市民大道七段8號,元/小時,RESEARCHABLE-CURRENT-ONLY,0,1,0,A,UNRESOLVED,UNREVIEWED,,0,1,MIGRATED — see Evidence
LEG-EC-047,EC-047,TPI-443,1,行,停車,停車,民營停車場,日月亭,日月亭板橋府後｜小客車當日上限,一般臨停；當日最高,新北市板橋區府後停車場,元/日,RESEARCHABLE-CURRENT-ONLY,0,1,0,A,UNRESOLVED,UNREVIEWED,,0,1,MIGRATED — see Evidence
LEG-EC-048,EC-048,TPI-442,1,行,停車,停車,民營停車場,日月亭,日月亭板橋府後｜小客車計時費,15元/半小時；核心換算每小時30元,新北市板橋區府後停車場,元/小時,RESEARCHABLE-CURRENT-ONLY,0,1,0,A,UNRESOLVED,UNREVIEWED,,0,1,MIGRATED — see Evidence
LEG-EC-049,EC-049,TPI-453,1,樂,健身／運動,健身／運動,健身房,健身魂 Soulfit,一個月月費,不綁約；無入會費；單月,健身魂 Soulfit 大安店｜台北市大安區信義路三段109號B1,月,RESEARCHABLE-CURRENT-ONLY,0,1,0,A,UNRESOLVED,UNREVIEWED,,0,1,MIGRATED — see Evidence
LEG-EC-050,EC-050,TPI-449,1,樂,健身／運動,健身／運動,健身房,Anytime Fitness,一年合約月費參考,一年約；一般館,Anytime Fitness台灣一般館,月,RESEARCHABLE-CURRENT-ONLY,0,1,0,B,UNRESOLVED,UNREVIEWED,,0,1,MIGRATED — see Evidence
LEG-EC-051,EC-051,TPI-454,1,樂,健身／運動,健身／運動,健身房,成吉思汗健身俱樂部,一年會員年費,一年；不自行除12冒充標示月費,成吉思汗健身俱樂部一般館,年,RESEARCHABLE-CURRENT-ONLY,0,1,0,A,UNRESOLVED,UNREVIEWED,,0,1,MIGRATED — see Evidence
LEG-EC-052,EC-052,TPI-448,1,樂,健身／運動,健身／運動,健身房,健身工廠,單日使用,一般場館；單日,健身工廠一般場館,次,RESEARCHABLE-HISTORICAL-NON2020,0,1,1,B,UNRESOLVED,UNREVIEWED,,0,1,MIGRATED — see Evidence
LEG-EC-053,EC-053,TPI-456,1,樂,健身／運動,健身／運動,健身房,Ultra Fitness,單次入場,不限入場時間；不需製卡費,Ultra Fitness｜台中市南屯區龍富路四段577號,次,RESEARCHABLE-CURRENT-ONLY,0,1,0,A,UNRESOLVED,UNREVIEWED,,0,1,MIGRATED — see Evidence
LEG-EC-054,EC-054,TPI-455,1,樂,健身／運動,健身／運動,健身房,Refine Fitness,單次入場－平日17:00前,士林店；單次；平日17:00前,Refine Fitness士林店｜台北市士林區中正路122號之一B1,次,RESEARCHABLE-CURRENT-ONLY,0,1,0,A,UNRESOLVED,UNREVIEWED,,0,1,MIGRATED — see Evidence
LEG-EC-055,EC-055,TPI-452,1,樂,健身／運動,健身／運動,健身房,BEING fit,單次計費,單次；非月約,BEING fit一般門市,次,RESEARCHABLE-CURRENT-ONLY,0,1,0,A,UNRESOLVED,UNREVIEWED,,0,1,MIGRATED — see Evidence
LEG-EC-056,EC-056,TPI-444,1,樂,健身／運動,健身／運動,健身房,World Gym,單點會籍－台中學府店,信用卡月繳；單點；不含一次性手續費,World Gym 台中學府店｜台中市南區學府路170號B1,月,RESEARCHABLE-CURRENT-ONLY,0,1,0,A,UNRESOLVED,UNREVIEWED,,0,1,MIGRATED — see Evidence
LEG-EC-057,EC-057,TPI-445,1,樂,健身／運動,健身／運動,健身房,World Gym,單點會籍－台北木柵店 Express,官方公開起價；單點,World Gym 台北木柵店 Express｜台北市文山區木柵路三段96號B1,月,RESEARCHABLE-CURRENT-ONLY,0,1,0,B,UNRESOLVED,UNREVIEWED,,0,1,MIGRATED — see Evidence
LEG-EC-058,EC-058,TPI-446,1,樂,健身／運動,健身／運動,健身房,World Gym,單點會籍－高雄楠梓興楠店 Express,官方公開起價；單點,World Gym 高雄楠梓興楠店 Express｜高雄市楠梓區楠盛街88號,月,RESEARCHABLE-CURRENT-ONLY,0,1,0,B,UNRESOLVED,UNREVIEWED,,0,1,MIGRATED — see Evidence
LEG-EC-059,EC-059,TPI-451,1,樂,健身／運動,健身／運動,健身房,Curves 可爾姿,月費原價,一般會員；月費原價,Curves可爾姿一般門市,月,PREQUALIFIED-EXACT2020,1,1,0,A,UNRESOLVED,LEGACY-KEEP-CANDIDATE,Grandfathered: retain existing valid evidence; final basket still unsealed.,1,1,MIGRATED — see Evidence
LEG-EC-060,EC-060,TPI-458,1,樂,健身／運動,健身／運動,健身房,TMMA,私人教練－教練單堂60分鐘,1對1；單堂；60分鐘；非館長/MMA教練,TMMA台北格鬥運動館,堂,RESEARCHABLE-CURRENT-ONLY,0,1,0,A,UNRESOLVED,UNREVIEWED,,0,1,MIGRATED — see Evidence
LEG-EC-061,EC-061,TPI-447,1,樂,健身／運動,健身／運動,健身房,健身工廠,金卡會員月費（1年約）,一般場館；一年約；月費,健身工廠一般場館,月,PREQUALIFIED-EXACT2020,1,1,0,A,UNRESOLVED,LEGACY-KEEP-CANDIDATE,Grandfathered: retain existing valid evidence; final basket still unsealed.,1,1,MIGRATED — see Evidence
LEG-EC-062,EC-062,TPI-457,1,樂,健身／運動,健身／運動,健身房,城市健身房,非會員單次入場,非會員；單次進場；離場5分鐘以上重新計費,城市健身房｜高雄,次,RESEARCHABLE-CURRENT-ONLY,0,1,0,A,UNRESOLVED,UNREVIEWED,,0,1,MIGRATED — see Evidence
LEG-EC-063,EC-063,TPI-450,1,樂,健身／運動,健身／運動,健身房,Anytime Fitness,首次入會固定費用（入會費＋磁卡）,入會費1000＋磁卡1758,Anytime Fitness台灣一般館,次,RESEARCHABLE-CURRENT-ONLY,0,1,0,B,UNRESOLVED,UNREVIEWED,,0,1,MIGRATED — see Evidence
LEG-EC-064,EC-064,"TPI-494, TPI-495",2,日常／個人,個人數位／會員服務,其他民間服務／會員,訂閱／共享服務,iCloud+ | Google One,200GB月費,台灣一般個人方案,官方方案,月/次,PREQUALIFIED-EXACT2020,2,2,0,A,UNRESOLVED,LEGACY-KEEP-CANDIDATE,Grandfathered: retain existing valid evidence; final basket still unsealed.,1,2,MIGRATED — see Evidence
LEG-EC-065,EC-065,TPI-498,1,日常／個人,其他日常服務,其他民間服務／會員,訂閱／共享服務,One&Co,Drop-In 1 Day,1人；平日09:00–18:00；含稅,台北中山 One&Co,日,RESEARCHABLE-CURRENT-ONLY,0,1,0,A,UNRESOLVED,UNREVIEWED,,0,1,MIGRATED — see Evidence
LEG-EC-066,EC-066,TPI-487,1,樂,串流影音／音樂,其他民間服務／會員,訂閱／共享服務,Spotify,Premium Family月費,台灣一般個人方案,官方方案,月/次,PREQUALIFIED-EXACT2020,1,1,0,A,UNRESOLVED,LEGACY-KEEP-CANDIDATE,Grandfathered: retain existing valid evidence; final basket still unsealed.,1,1,MIGRATED — see Evidence
LEG-EC-067,EC-067,TPI-486,1,樂,串流影音／音樂,其他民間服務／會員,訂閱／共享服務,Spotify,Premium Individual月費,台灣一般個人方案,官方方案,月/次,PREQUALIFIED-EXACT2020,1,1,0,A,UNRESOLVED,LEGACY-KEEP-CANDIDATE,Grandfathered: retain existing valid evidence; final basket still unsealed.,1,1,MIGRATED — see Evidence
LEG-EC-068,EC-068,TPI-493,1,日常／個人,其他日常服務,其他民間服務／會員,訂閱／共享服務,Uber,Uber One月費,台灣一般個人方案,官方方案,月/次,RESEARCHABLE-CURRENT-ONLY,0,1,0,A,UNRESOLVED,UNREVIEWED,,0,1,MIGRATED — see Evidence
LEG-EC-069,EC-069,TPI-492,1,日常／個人,其他日常服務,其他民間服務／會員,訂閱／共享服務,foodpanda,pandapro月費,台灣一般個人月方案；公開頁不顯示帳號最終結帳價,官方方案／民營價格交叉驗證,月,RESEARCHABLE-CURRENT-ONLY,0,1,0,B,UNRESOLVED,UNREVIEWED,,0,1,MIGRATED — see Evidence
LEG-EC-070,EC-070,"TPI-488, TPI-491",2,樂,串流影音／音樂,其他民間服務／會員,訂閱／共享服務,YouTube Premium | Apple Music,個人方案月費,台灣一般個人方案,官方方案,月/次,PREQUALIFIED-EXACT2020,2,2,1,A,UNRESOLVED,LEGACY-KEEP-CANDIDATE,Grandfathered exact concept; Batch 3 adds an Exact-2020 YouTube individual quote alongside existing Apple Music evidence.,2,2,MIGRATED — see Evidence
LEG-EC-071,EC-071,TPI-496,1,行,共享交通,其他民間服務／會員,訂閱／共享服務,WeMo Scooter,同站租還一般費率前6分鐘起跳價,一般車款；前6分鐘；非活動價,官方方案,次,PREQUALIFIED-EXACT2020,1,1,0,B,UNRESOLVED,LEGACY-KEEP-CANDIDATE,Grandfathered: retain existing valid evidence; final basket still unsealed.,1,1,MIGRATED — see Evidence
LEG-EC-072,EC-072,TPI-489,1,樂,串流影音／音樂,其他民間服務／會員,訂閱／共享服務,YouTube Premium,家庭方案月費,台灣一般個人方案,官方方案,月/次,PREQUALIFIED-EXACT2020,1,1,0,A,UNRESOLVED,LEGACY-KEEP-CANDIDATE,Exact-2020 family-plan evidence strengthened in Batch 3; basket still unsealed.,1,1,UPDATED — exact 2020 evidence added in Batch 3
LEG-EC-073,EC-073,TPI-490,1,樂,串流影音／音樂,其他民間服務／會員,訂閱／共享服務,Disney+,月繳標準方案,台灣一般個人方案,官方方案,月/次,RESEARCHABLE-CURRENT-ONLY,0,1,0,A,UNRESOLVED,UNREVIEWED,,0,1,MIGRATED — see Evidence
LEG-EC-074,EC-074,TPI-484,1,樂,串流影音／音樂,其他民間服務／會員,訂閱／共享服務,Netflix,標準方案月費,台灣一般個人方案,官方方案,月/次,PREQUALIFIED-EXACT2020,1,1,0,A,UNRESOLVED,LEGACY-KEEP-CANDIDATE,Grandfathered: retain existing valid evidence; final basket still unsealed.,1,1,MIGRATED — see Evidence
LEG-EC-075,EC-075,TPI-497,1,行,共享交通,其他民間服務／會員,訂閱／共享服務,GoShare,白牌車（Gogoro 2/3等）前6分鐘起跳價,白牌一般車款；前6分鐘；非活動價,官方方案,次,PREQUALIFIED-EXACT2020,1,1,0,A,UNRESOLVED,LEGACY-KEEP-CANDIDATE,Grandfathered: retain existing valid evidence; final basket still unsealed.,1,1,MIGRATED — see Evidence
LEG-EC-076,EC-076,TPI-485,1,樂,串流影音／音樂,其他民間服務／會員,訂閱／共享服務,Netflix,高級方案月費,台灣一般個人方案,官方方案,月/次,PREQUALIFIED-EXACT2020,1,1,0,A,UNRESOLVED,LEGACY-KEEP-CANDIDATE,Grandfathered: retain existing valid evidence; final basket still unsealed.,1,1,MIGRATED — see Evidence
LEG-EC-077,EC-077,TPI-037,1,食,咖啡／手搖,咖啡／手搖飲,手搖飲,50嵐,8冰綠 L,中區；一般單杯,中區門市,元,PREQUALIFIED-EXACT2020,1,1,0,B,UNRESOLVED,LEGACY-KEEP-CANDIDATE,Grandfathered: retain existing valid evidence; final basket still unsealed.,1,1,MIGRATED — see Evidence
LEG-EC-078,EC-078,TPI-036,1,食,咖啡／手搖,咖啡／手搖飲,手搖飲,50嵐,8冰綠 M,中區；一般單杯,中區門市,元,PREQUALIFIED-EXACT2020,1,1,0,B,UNRESOLVED,LEGACY-KEEP-CANDIDATE,Grandfathered: retain existing valid evidence; final basket still unsealed.,1,1,MIGRATED — see Evidence
LEG-EC-079,EC-079,TPI-039,1,食,咖啡／手搖,咖啡／手搖飲,手搖飲,50嵐,冰淇淋紅茶 L,中區；一般單杯,中區門市,元,PREQUALIFIED-EXACT2020,1,1,0,B,UNRESOLVED,LEGACY-KEEP-CANDIDATE,Grandfathered: retain existing valid evidence; final basket still unsealed.,1,1,MIGRATED — see Evidence
LEG-EC-080,EC-080,TPI-038,1,食,咖啡／手搖,咖啡／手搖飲,手搖飲,50嵐,冰淇淋紅茶 M,中區；一般單杯,中區門市,元,PREQUALIFIED-EXACT2020,1,1,0,B,UNRESOLVED,LEGACY-KEEP-CANDIDATE,Grandfathered: retain existing valid evidence; final basket still unsealed.,1,1,MIGRATED — see Evidence
LEG-EC-081,EC-081,TPI-370,1,食,咖啡／手搖,咖啡／手搖飲,咖啡／茶飲,STARBUCKS 星巴克,冰焦糖瑪奇朵 Tall,Tall／中杯；一般門市；單杯,連鎖門市,元,PREQUALIFIED-EXACT2020,1,1,0,A,UNRESOLVED,LEGACY-KEEP-CANDIDATE,Grandfathered: retain existing valid evidence; final basket still unsealed.,1,1,MIGRATED — see Evidence
LEG-EC-082,EC-082,TPI-365,1,食,咖啡／手搖,咖啡／手搖飲,咖啡／茶飲,路易莎咖啡,咖啡拿鐵（熱）M,中杯M；一般門市；單杯,連鎖門市,元,PREQUALIFIED-EXACT2020,1,1,0,A,UNRESOLVED,LEGACY-KEEP-CANDIDATE,Grandfathered: retain existing valid evidence; final basket still unsealed.,1,1,MIGRATED — see Evidence
LEG-EC-083,EC-083,TPI-029,1,食,咖啡／手搖,咖啡／手搖飲,手搖飲,50嵐,四季春青茶 L,中區；一般單杯,中區門市,元,PREQUALIFIED-EXACT2020,1,1,0,B,UNRESOLVED,LEGACY-KEEP-CANDIDATE,Grandfathered: retain existing valid evidence; final basket still unsealed.,1,1,MIGRATED — see Evidence
LEG-EC-084,EC-084,TPI-028,1,食,咖啡／手搖,咖啡／手搖飲,手搖飲,50嵐,四季春青茶 M,中區；一般單杯,中區門市,元,PREQUALIFIED-EXACT2020,1,1,0,B,UNRESOLVED,LEGACY-KEEP-CANDIDATE,Grandfathered: retain existing valid evidence; final basket still unsealed.,1,1,MIGRATED — see Evidence
LEG-EC-085,EC-085,TPI-043,1,食,咖啡／手搖,咖啡／手搖飲,手搖飲,50嵐,奶綠 L,中區；一般單杯,中區門市,元,PREQUALIFIED-EXACT2020,1,1,0,B,UNRESOLVED,LEGACY-KEEP-CANDIDATE,Grandfathered: retain existing valid evidence; final basket still unsealed.,1,1,MIGRATED — see Evidence
LEG-EC-086,EC-086,TPI-042,1,食,咖啡／手搖,咖啡／手搖飲,手搖飲,50嵐,奶綠 M,中區；一般單杯,中區門市,元,PREQUALIFIED-EXACT2020,1,1,0,B,UNRESOLVED,LEGACY-KEEP-CANDIDATE,Grandfathered: retain existing valid evidence; final basket still unsealed.,1,1,MIGRATED — see Evidence
LEG-EC-087,EC-087,TPI-041,1,食,咖啡／手搖,咖啡／手搖飲,手搖飲,50嵐,奶茶 L,中區；一般單杯,中區門市,元,PREQUALIFIED-EXACT2020,1,1,0,B,UNRESOLVED,LEGACY-KEEP-CANDIDATE,Grandfathered: retain existing valid evidence; final basket still unsealed.,1,1,MIGRATED — see Evidence
LEG-EC-088,EC-088,TPI-040,1,食,咖啡／手搖,咖啡／手搖飲,手搖飲,50嵐,奶茶 M,中區；一般單杯,中區門市,元,PREQUALIFIED-EXACT2020,1,1,0,B,UNRESOLVED,LEGACY-KEEP-CANDIDATE,Grandfathered: retain existing valid evidence; final basket still unsealed.,1,1,MIGRATED — see Evidence
LEG-EC-089,EC-089,TPI-098,1,食,咖啡／手搖,咖啡／手搖飲,超商咖啡,CITY CAFE,拿鐵咖啡 中杯,一般門市,7-ELEVEN,元,PREQUALIFIED-EXACT2020,1,1,0,A,UNRESOLVED,LEGACY-KEEP-CANDIDATE,Grandfathered: retain existing valid evidence; final basket still unsealed.,1,1,MIGRATED — see Evidence
LEG-EC-090,EC-090,TPI-099,1,食,咖啡／手搖,咖啡／手搖飲,超商咖啡,CITY CAFE,拿鐵咖啡 大杯,一般門市,7-ELEVEN,元,PREQUALIFIED-EXACT2020,1,1,0,A,UNRESOLVED,LEGACY-KEEP-CANDIDATE,Grandfathered: retain existing valid evidence; final basket still unsealed.,1,1,MIGRATED — see Evidence
LEG-EC-091,EC-091,TPI-100,1,食,咖啡／手搖,咖啡／手搖飲,超商咖啡,CITY CAFE,拿鐵咖啡 特大杯,一般門市,7-ELEVEN,元,PREQUALIFIED-EXACT2020,1,1,0,A,UNRESOLVED,LEGACY-KEEP-CANDIDATE,Grandfathered: retain existing valid evidence; final basket still unsealed.,1,1,MIGRATED — see Evidence
LEG-EC-092,EC-092,TPI-035,1,食,咖啡／手搖,咖啡／手搖飲,手搖飲,50嵐,梅の綠 L,中區；一般單杯,中區門市,元,PREQUALIFIED-EXACT2020,1,1,0,B,UNRESOLVED,LEGACY-KEEP-CANDIDATE,Grandfathered: retain existing valid evidence; final basket still unsealed.,1,1,MIGRATED — see Evidence
LEG-EC-093,EC-093,TPI-034,1,食,咖啡／手搖,咖啡／手搖飲,手搖飲,50嵐,梅の綠 M,中區；一般單杯,中區門市,元,PREQUALIFIED-EXACT2020,1,1,0,B,UNRESOLVED,LEGACY-KEEP-CANDIDATE,Grandfathered: retain existing valid evidence; final basket still unsealed.,1,1,MIGRATED — see Evidence
LEG-EC-094,EC-094,TPI-033,1,食,咖啡／手搖,咖啡／手搖飲,手搖飲,50嵐,檸檬綠 L,中區；一般單杯,中區門市,元,PREQUALIFIED-EXACT2020,1,1,0,B,UNRESOLVED,LEGACY-KEEP-CANDIDATE,Grandfathered: retain existing valid evidence; final basket still unsealed.,1,1,MIGRATED — see Evidence
LEG-EC-095,EC-095,TPI-032,1,食,咖啡／手搖,咖啡／手搖飲,手搖飲,50嵐,檸檬綠 M,中區；一般單杯,中區門市,元,PREQUALIFIED-EXACT2020,1,1,0,B,UNRESOLVED,LEGACY-KEEP-CANDIDATE,Grandfathered: retain existing valid evidence; final basket still unsealed.,1,1,MIGRATED — see Evidence
LEG-EC-096,EC-096,TPI-371,1,食,咖啡／手搖,咖啡／手搖飲,咖啡／茶飲,STARBUCKS 星巴克,每日精選咖啡 Tall（熱）,Tall／中杯；一般門市；單杯,連鎖門市,元,PREQUALIFIED-EXACT2020,1,1,0,A,UNRESOLVED,LEGACY-KEEP-CANDIDATE,Grandfathered: retain existing valid evidence; final basket still unsealed.,1,1,MIGRATED — see Evidence
LEG-EC-097,EC-097,TPI-047,1,食,咖啡／手搖,咖啡／手搖飲,手搖飲,50嵐,波霸奶茶 L,中區；一般單杯,中區門市,元,PREQUALIFIED-EXACT2020,1,1,0,B,UNRESOLVED,LEGACY-KEEP-CANDIDATE,Grandfathered: retain existing valid evidence; final basket still unsealed.,1,1,MIGRATED — see Evidence
LEG-EC-098,EC-098,TPI-046,1,食,咖啡／手搖,咖啡／手搖飲,手搖飲,50嵐,波霸奶茶 M,中區；一般單杯,中區門市,元,PREQUALIFIED-EXACT2020,1,1,0,B,UNRESOLVED,LEGACY-KEEP-CANDIDATE,Grandfathered: retain existing valid evidence; final basket still unsealed.,1,1,MIGRATED — see Evidence
LEG-EC-099,EC-099,"TPI-045, TPI-373",2,食,咖啡／手搖,咖啡／手搖飲,手搖飲 | 咖啡／茶飲,50嵐 | CoCo都可,珍珠奶茶 L,中區；一般單杯,中區門市 | 連鎖門市,元,PREQUALIFIED-EXACT2020,1,2,0,B | A,UNRESOLVED,LEGACY-KEEP-CANDIDATE,Grandfathered: retain existing valid evidence; final basket still unsealed.,1,2,MIGRATED — see Evidence
LEG-EC-100,EC-100,TPI-044,1,食,咖啡／手搖,咖啡／手搖飲,手搖飲,50嵐,珍珠奶茶 M,中區；一般單杯,中區門市,元,PREQUALIFIED-EXACT2020,1,1,0,B,UNRESOLVED,LEGACY-KEEP-CANDIDATE,Grandfathered: retain existing valid evidence; final basket still unsealed.,1,1,MIGRATED — see Evidence
LEG-EC-101,EC-101,TPI-372,1,食,咖啡／手搖,咖啡／手搖飲,咖啡／茶飲,CoCo都可,百香雙響炮 L,大杯L；一般甜冰；一般門市,連鎖門市,元,PREQUALIFIED-EXACT2020,1,1,0,B,UNRESOLVED,LEGACY-KEEP-CANDIDATE,Grandfathered: retain existing valid evidence; final basket still unsealed.,1,1,MIGRATED — see Evidence
LEG-EC-102,EC-102,TPI-366,1,食,咖啡／手搖,咖啡／手搖飲,咖啡／茶飲,路易莎咖啡,精選英式紅茶（熱）M,中杯M；一般門市；單杯,連鎖門市,元,PREQUALIFIED-EXACT2020,1,1,0,A,UNRESOLVED,LEGACY-KEEP-CANDIDATE,Grandfathered: retain existing valid evidence; final basket still unsealed.,1,1,MIGRATED — see Evidence
LEG-EC-103,EC-103,TPI-368,1,食,咖啡／手搖,咖啡／手搖飲,咖啡／茶飲,STARBUCKS 星巴克,美式咖啡 Tall（熱）,Tall／中杯；一般門市；單杯,連鎖門市,元,PREQUALIFIED-EXACT2020,1,1,0,A,UNRESOLVED,LEGACY-KEEP-CANDIDATE,Grandfathered: retain existing valid evidence; final basket still unsealed.,1,1,MIGRATED — see Evidence
LEG-EC-104,EC-104,TPI-095,1,食,咖啡／手搖,咖啡／手搖飲,超商咖啡,CITY CAFE,美式咖啡 中杯,一般門市,7-ELEVEN,元,PREQUALIFIED-EXACT2020,1,1,0,A,UNRESOLVED,LEGACY-KEEP-CANDIDATE,Grandfathered: retain existing valid evidence; final basket still unsealed.,1,1,MIGRATED — see Evidence
LEG-EC-105,EC-105,TPI-096,1,食,咖啡／手搖,咖啡／手搖飲,超商咖啡,CITY CAFE,美式咖啡 大杯,一般門市,7-ELEVEN,元,PREQUALIFIED-EXACT2020,1,1,0,A,UNRESOLVED,LEGACY-KEEP-CANDIDATE,Grandfathered: retain existing valid evidence; final basket still unsealed.,1,1,MIGRATED — see Evidence
LEG-EC-106,EC-106,TPI-097,1,食,咖啡／手搖,咖啡／手搖飲,超商咖啡,CITY CAFE,美式咖啡 特大杯,一般門市,7-ELEVEN,元,PREQUALIFIED-EXACT2020,1,1,0,A,UNRESOLVED,LEGACY-KEEP-CANDIDATE,Grandfathered: retain existing valid evidence; final basket still unsealed.,1,1,MIGRATED — see Evidence
LEG-EC-107,EC-107,TPI-364,1,食,咖啡／手搖,咖啡／手搖飲,咖啡／茶飲,路易莎咖啡,美式黑咖啡（熱）M,中杯M；一般門市；單杯,連鎖門市,元,PREQUALIFIED-EXACT2020,1,1,0,A,UNRESOLVED,LEGACY-KEEP-CANDIDATE,Grandfathered: retain existing valid evidence; final basket still unsealed.,1,1,MIGRATED — see Evidence
LEG-EC-108,EC-108,TPI-025,1,食,咖啡／手搖,咖啡／手搖飲,手搖飲,50嵐,茉莉綠茶 L,中區；一般單杯,中區門市,元,PREQUALIFIED-EXACT2020,1,1,0,B,UNRESOLVED,LEGACY-KEEP-CANDIDATE,Grandfathered: retain existing valid evidence; final basket still unsealed.,1,1,MIGRATED — see Evidence
LEG-EC-109,EC-109,TPI-024,1,食,咖啡／手搖,咖啡／手搖飲,手搖飲,50嵐,茉莉綠茶 M,中區；一般單杯,中區門市,元,PREQUALIFIED-EXACT2020,1,1,0,B,UNRESOLVED,LEGACY-KEEP-CANDIDATE,Grandfathered: retain existing valid evidence; final basket still unsealed.,1,1,MIGRATED — see Evidence
LEG-EC-110,EC-110,TPI-367,1,食,咖啡／手搖,咖啡／手搖飲,咖啡／茶飲,路易莎咖啡,莊園級美式（熱）M,中杯M；一般門市；單杯,連鎖門市,元,RESEARCHABLE-CURRENT-ONLY,0,1,0,A,UNRESOLVED,UNREVIEWED,,0,1,MIGRATED — see Evidence
LEG-EC-111,EC-111,TPI-369,1,食,咖啡／手搖,咖啡／手搖飲,咖啡／茶飲,STARBUCKS 星巴克,那堤 Tall（熱）,Tall／中杯；一般門市；單杯,連鎖門市,元,PREQUALIFIED-EXACT2020,1,1,0,A,UNRESOLVED,LEGACY-KEEP-CANDIDATE,Grandfathered: retain existing valid evidence; final basket still unsealed.,1,1,MIGRATED — see Evidence
LEG-EC-112,EC-112,TPI-027,1,食,咖啡／手搖,咖啡／手搖飲,手搖飲,50嵐,阿薩姆紅茶 L,中區；一般單杯,中區門市,元,PREQUALIFIED-EXACT2020,1,1,0,B,UNRESOLVED,LEGACY-KEEP-CANDIDATE,Grandfathered: retain existing valid evidence; final basket still unsealed.,1,1,MIGRATED — see Evidence
LEG-EC-113,EC-113,TPI-026,1,食,咖啡／手搖,咖啡／手搖飲,手搖飲,50嵐,阿薩姆紅茶 M,中區；一般單杯,中區門市,元,PREQUALIFIED-EXACT2020,1,1,0,B,UNRESOLVED,LEGACY-KEEP-CANDIDATE,Grandfathered: retain existing valid evidence; final basket still unsealed.,1,1,MIGRATED — see Evidence
LEG-EC-114,EC-114,TPI-031,1,食,咖啡／手搖,咖啡／手搖飲,手搖飲,50嵐,黃金烏龍 L,中區；一般單杯,中區門市,元,PREQUALIFIED-EXACT2020,1,1,0,B,UNRESOLVED,LEGACY-KEEP-CANDIDATE,Grandfathered: retain existing valid evidence; final basket still unsealed.,1,1,MIGRATED — see Evidence
LEG-EC-115,EC-115,TPI-030,1,食,咖啡／手搖,咖啡／手搖飲,手搖飲,50嵐,黃金烏龍 M,中區；一般單杯,中區門市,元,PREQUALIFIED-EXACT2020,1,1,0,B,UNRESOLVED,LEGACY-KEEP-CANDIDATE,Grandfathered: retain existing valid evidence; final basket still unsealed.,1,1,MIGRATED — see Evidence
LEG-EC-116,EC-116,TPI-470,1,日常／個人,寵物,寵物食品／用品,寵物,Lady Flavor 好味小姐,1+1原肉塊貓鮮食主食罐 81g,81g；單罐,芭娜娜毛孩良品,罐,RESEARCHABLE-CURRENT-ONLY,0,1,0,B,UNRESOLVED,UNREVIEWED,,0,1,MIGRATED — see Evidence
LEG-EC-117,EC-117,TPI-459,1,日常／個人,寵物,寵物食品／用品,寵物,Royal Canin 法國皇家,F32 理想體態成貓 2kg,2kg；核心採頁面原價,PetPetGo毛孩市集,包,PREQUALIFIED-EXACT2020,1,1,0,A,UNRESOLVED,LEGACY-KEEP-CANDIDATE,"Exact-2020 source added in shortfall-driven search; grandfathered candidate, basket still unsealed.",1,1,UPDATED — new 2020 evidence in Evidence
LEG-EC-118,EC-118,TPI-460,1,日常／個人,寵物,寵物食品／用品,寵物,Royal Canin 法國皇家,K36 幼貓 2kg,2kg；核心採頁面原價,PetPetGo毛孩市集,包,PREQUALIFIED-EXACT2020,1,1,0,A,UNRESOLVED,LEGACY-KEEP-CANDIDATE,"Exact-2020 source added in shortfall-driven search; grandfathered candidate, basket still unsealed.",1,1,UPDATED — new 2020 evidence in Evidence
LEG-EC-119,EC-119,TPI-476,1,日常／個人,寵物,寵物食品／用品,寵物,BLUE BAY 倍力,S30 機能低敏犬糧 1.5kg,1.5kg；核心採非促銷參考價,PChome 24h購物,包,RESEARCHABLE-CURRENT-ONLY,0,1,0,B,UNRESOLVED,UNREVIEWED,,0,1,MIGRATED — see Evidence
LEG-EC-120,EC-120,TPI-480,1,日常／個人,寵物,寵物食品／用品,寵物,Natural Balance,低敏無穀馬鈴薯鴨肉成犬配方（小顆粒）4.5lbs/2.04kg,4.5lbs/2.04kg；核心採市售價,momo購物網,包,RESEARCHABLE-CURRENT-ONLY,0,1,0,B,UNRESOLVED,UNREVIEWED,,0,1,MIGRATED — see Evidence
LEG-EC-121,EC-121,TPI-475,1,日常／個人,寵物,寵物食品／用品,寵物,Greenies 健綠,原味潔牙骨 2–7kg犬用 12oz/340g 43支,12oz/340g；43支；核心採一般價,寵物公園官方商城,包,RESEARCHABLE-CURRENT-ONLY,0,1,0,A,UNRESOLVED,UNREVIEWED,,0,1,MIGRATED — see Evidence
LEG-EC-122,EC-122,TPI-466,1,日常／個人,寵物,寵物食品／用品,寵物,CIAO,啾嚕肉泥 14g×4入,56g/4條；核心採市售價,momo購物網,包,RESEARCHABLE-CURRENT-ONLY,0,1,0,A,UNRESOLVED,UNREVIEWED,,0,1,MIGRATED — see Evidence
LEG-EC-123,EC-123,TPI-461,1,日常／個人,寵物,寵物食品／用品,寵物,Hill's 希爾思,室內成貓 雞肉 1.58kg,1.58kg；核心採頁面原價,PChome 24h購物,包,RESEARCHABLE-CURRENT-ONLY,0,1,0,A,UNRESOLVED,UNREVIEWED,,0,1,MIGRATED — see Evidence
LEG-EC-124,EC-124,TPI-474,1,日常／個人,寵物,寵物食品／用品,寵物,乾溜溜,寵物尿布墊經濟包 M號 45×60cm 50片,M號；45×60cm；50片；核心採一般價,寵物公園官方商城,包,RESEARCHABLE-CURRENT-ONLY,0,1,0,A,UNRESOLVED,UNREVIEWED,,0,1,MIGRATED — see Evidence
LEG-EC-125,EC-125,TPI-473,1,日常／個人,寵物,寵物食品／用品,寵物,愛寵,愛寵豆腐砂 原味 7L,7L；單包；核心採一般價格,寵物公園官方商城,包,RESEARCHABLE-CURRENT-ONLY,0,1,0,A,UNRESOLVED,UNREVIEWED,,0,1,MIGRATED — see Evidence
LEG-EC-126,EC-126,TPI-462,1,日常／個人,寵物,寵物食品／用品,寵物,Hill's 希爾思,成犬小顆粒 雞肉與大麥 2kg,2kg；核心採頁面一般價,PChome 24h購物,包,RESEARCHABLE-CURRENT-ONLY,0,1,0,A,UNRESOLVED,UNREVIEWED,,0,1,MIGRATED — see Evidence
LEG-EC-127,EC-127,TPI-477,1,日常／個人,寵物,寵物食品／用品,寵物,Mobby 莫比,成貓專用配方 1.5kg,1.5kg；核心採頁面原價,7-ELEVEN i預購,包,RESEARCHABLE-CURRENT-ONLY,0,1,0,A,UNRESOLVED,UNREVIEWED,,0,1,MIGRATED — see Evidence
LEG-EC-128,EC-128,TPI-463,1,日常／個人,寵物,寵物食品／用品,寵物,Pedigree 寶路,狗乾糧牛肉及蔬菜口味 3kg,3kg；核心採一般價,家樂福線上商城,包,RESEARCHABLE-CURRENT-ONLY,0,1,0,B,UNRESOLVED,UNREVIEWED,,0,1,MIGRATED — see Evidence
LEG-EC-129,EC-129,TPI-481,1,日常／個人,寵物,寵物食品／用品,寵物,天天寵,短毛貓洗澡 0–3kg,0–3kg短毛貓；洗澡含基本美容,天天寵｜新北市永和區安樂路248-2號,次,RESEARCHABLE-CURRENT-ONLY,0,1,0,A,UNRESOLVED,UNREVIEWED,,0,1,MIGRATED — see Evidence
LEG-EC-130,EC-130,TPI-471,1,日常／個人,寵物,寵物食品／用品,寵物,EVER CLEAN 藍鑽,粗粒減塵貓砂（金／微香）8.5kg,8.5kg；核心採一般價格,PetPetGo毛孩市集,包,RESEARCHABLE-CURRENT-ONLY,0,1,0,A,UNRESOLVED,UNREVIEWED,,0,1,MIGRATED — see Evidence
LEG-EC-131,EC-131,TPI-464,1,日常／個人,寵物,寵物食品／用品,寵物,Cesar 西莎,經典風味餐盒 100g×6入,100g×6；核心採市售價,momo購物網,組,RESEARCHABLE-CURRENT-ONLY,0,1,0,A,UNRESOLVED,UNREVIEWED,,0,1,MIGRATED — see Evidence
LEG-EC-132,EC-132,TPI-469,1,日常／個人,寵物,寵物食品／用品,寵物,nu4PET 陪心寵糧,貓優腎主食罐 80g－淮山燉雞,80g；單罐；核心採原價,陪心寵糧官方商城,罐,RESEARCHABLE-CURRENT-ONLY,0,1,0,A,UNRESOLVED,UNREVIEWED,,0,1,MIGRATED — see Evidence
LEG-EC-133,EC-133,TPI-467,1,日常／個人,寵物,寵物食品／用品,寵物,汪喵星球,貓凍乾主食 安心雞 80g,80g；安心雞；核心採一般價,寵物公園官方商城,包,RESEARCHABLE-CURRENT-ONLY,0,1,0,B,UNRESOLVED,UNREVIEWED,,0,1,MIGRATED — see Evidence
LEG-EC-134,EC-134,TPI-468,1,日常／個人,寵物,寵物食品／用品,寵物,LitoMon 怪獸部落,貓族小怪獸1種肉無膠主食罐－純雞肉 165g,165g；單罐,BoneBone／怪獸部落專區,罐,RESEARCHABLE-CURRENT-ONLY,0,1,0,A,UNRESOLVED,UNREVIEWED,,0,1,MIGRATED — see Evidence
LEG-EC-135,EC-135,TPI-472,1,日常／個人,寵物,寵物食品／用品,寵物,ARM & HAMMER 鐵鎚牌,超凝結貓砂（無香）9.07kg,9.07kg；ARM003；單盒,Decor德蔻官方商城,盒,RESEARCHABLE-CURRENT-ONLY,0,1,0,A,UNRESOLVED,UNREVIEWED,,0,1,MIGRATED — see Evidence
LEG-EC-136,EC-136,TPI-482,1,日常／個人,寵物,寵物食品／用品,寵物,Dogs Retreat,迷你短毛犬洗澡 5kg以下,5kg以下；短毛犬；基本費用起價,Dogs Retreat 狗勾寓所,次,RESEARCHABLE-CURRENT-ONLY,0,1,0,B,UNRESOLVED,UNREVIEWED,,0,1,MIGRATED — see Evidence
LEG-EC-137,EC-137,TPI-483,1,日常／個人,寵物,寵物食品／用品,寵物,Dogs Retreat,迷你短毛犬設計師剪毛 5kg以下,5kg以下；短毛犬；設計師剪毛基本費用起價,Dogs Retreat 狗勾寓所,次,RESEARCHABLE-CURRENT-ONLY,0,1,0,B,UNRESOLVED,UNREVIEWED,,0,1,MIGRATED — see Evidence
LEG-EC-138,EC-138,TPI-465,1,日常／個人,寵物,寵物食品／用品,寵物,Whiskas 偉嘉,鮪魚總匯成貓乾糧 1.2kg,1.2kg；核心採市售價,momo購物網,包,RESEARCHABLE-CURRENT-ONLY,0,1,0,A,UNRESOLVED,UNREVIEWED,,0,1,MIGRATED — see Evidence
LEG-EC-139,EC-139,TPI-478,1,日常／個人,寵物,寵物食品／用品,寵物,Orijen 歐睿健,鮮雞室內貓無穀飼料 1.8kg,1.8kg；核心採原價,寵菜市場,包,RESEARCHABLE-CURRENT-ONLY,0,1,0,A,UNRESOLVED,UNREVIEWED,,0,1,MIGRATED — see Evidence
LEG-EC-140,EC-140,TPI-479,1,日常／個人,寵物,寵物食品／用品,寵物,ACANA 愛肯拿,鮮雞成犬無穀配方 2kg,2kg；核心採原價,寵菜市場,包,RESEARCHABLE-CURRENT-ONLY,0,1,0,A,UNRESOLVED,UNREVIEWED,,0,1,MIGRATED — see Evidence
LEG-EC-141,EC-141,TPI-389,1,住／家用,家居／收納／小家具,日用品／個人用品,日用消耗／家居,3M,3M 無痕中型鐵上鉤量販包 3入,中型鐵上鉤；3入；核心採一般價格,特力屋線上購物,組,RESEARCHABLE-CURRENT-ONLY,0,1,0,A,UNRESOLVED,UNREVIEWED,,0,1,MIGRATED — see Evidence
LEG-EC-142,EC-142,TPI-391,1,住／家用,小家電／家電耗材,日用品／個人用品,日用消耗／家居,Philips 飛利浦,9W LED真彩光球泡燈 3000K,9W；3000K；核心採牌價179,特力屋旗艦店／蝦皮商城,顆,RESEARCHABLE-CURRENT-ONLY,0,1,0,A,UNRESOLVED,UNREVIEWED,,0,1,MIGRATED — see Evidence
LEG-EC-143,EC-143,TPI-386,1,住／家用,家居／收納／小家具,日用品／個人用品,日用消耗／家居,IKEA,FRAKTA 環保購物袋 71L,藍色；71L,IKEA台灣官網/門市,個,PREQUALIFIED-EXACT2020,1,1,0,A,UNRESOLVED,LEGACY-KEEP-CANDIDATE,Grandfathered: retain existing valid evidence; final basket still unsealed.,1,1,MIGRATED — see Evidence
LEG-EC-144,EC-144,TPI-400,1,日常／個人,盥洗／衛生用品,日用品／個人用品,日用消耗／家居,Gillette 吉列,Fusion 鋒隱刮鬍刀替換刀頭 4入,4刀頭；寶雅官方線上,POYA寶雅線上買,組,RESEARCHABLE-CURRENT-ONLY,0,1,0,A,UNRESOLVED,UNREVIEWED,,0,1,MIGRATED — see Evidence
LEG-EC-145,EC-145,TPI-388,1,住／家用,廚房耗材,日用品／個人用品,日用消耗／家居,IKEA,IKEA 365+ 保鮮盒 長方形玻璃 1.0L,產品編號103.592.01；1.0L；不含另售蓋,IKEA台灣官網/門市,個,PREQUALIFIED-EXACT2020,1,1,0,A,UNRESOLVED,LEGACY-KEEP-CANDIDATE,Grandfathered: retain existing valid evidence; final basket still unsealed.,1,1,MIGRATED — see Evidence
LEG-EC-146,EC-146,TPI-387,1,住／家用,家居／收納／小家具,日用品／個人用品,日用消耗／家居,IKEA,LACK 邊桌 白色 55×55cm,白色；55×55cm；產品104.499.09,IKEA台灣官網/門市,張,RESEARCHABLE-CURRENT-ONLY,0,1,0,A,UNRESOLVED,UNREVIEWED,,0,1,MIGRATED — see Evidence
LEG-EC-147,EC-147,TPI-384,1,日常／個人,盥洗／衛生用品,日用品／個人用品,日用消耗／家居,Ora2,Ora2me淨白無瑕牙膏 130g,130g；核心採一般原價,POYA寶雅線上買,條,RESEARCHABLE-CURRENT-ONLY,0,1,0,A,UNRESOLVED,UNREVIEWED,,0,1,MIGRATED — see Evidence
LEG-EC-148,EC-148,TPI-403,1,住／家用,小家電／家電耗材,日用品／個人用品,日用消耗／家居,IKEA,SOLHETTA LED燈泡 E27 470流明 乳白色 2件裝,E27；470 lm；2件裝,IKEA台灣官網/門市,組,RESEARCHABLE-CURRENT-ONLY,0,1,0,A,UNRESOLVED,UNREVIEWED,,0,1,MIGRATED — see Evidence
LEG-EC-149,EC-149,TPI-376,1,日常／個人,盥洗／衛生用品,日用品／個人用品,日用消耗／家居,Colgate 高露潔,三重功效牙膏 160g×3,160g×3；核心採原價,屈臣氏線上商店,組,RESEARCHABLE-CURRENT-ONLY,0,1,0,A,UNRESOLVED,UNREVIEWED,,0,1,MIGRATED — see Evidence
LEG-EC-150,EC-150,TPI-382,1,日常／個人,盥洗／衛生用品,日用品／個人用品,日用消耗／家居,Colgate 高露潔,三重功效牙膏 160g（單條單位化）,官方零售為160g×3一般價199；單位化199/3,屈臣氏線上商店,條,RESEARCHABLE-CURRENT-ONLY,0,1,0,B,UNRESOLVED,UNREVIEWED,,0,1,MIGRATED — see Evidence
LEG-EC-151,EC-151,TPI-094,1,住／家用,廚房耗材,日用品／個人用品,服飾／生活雜貨,MUJI 無印良品,再生聚乙烯垃圾袋L,官方指定商品,MUJI門市／官網,元,RESEARCHABLE-CURRENT-ONLY,0,1,0,A,UNRESOLVED,UNREVIEWED,,0,1,MIGRATED — see Evidence
LEG-EC-152,EC-152,TPI-093,1,住／家用,廚房耗材,日用品／個人用品,服飾／生活雜貨,MUJI 無印良品,再生聚乙烯垃圾袋M,官方指定商品,MUJI門市／官網,元,RESEARCHABLE-CURRENT-ONLY,0,1,0,A,UNRESOLVED,UNREVIEWED,,0,1,MIGRATED — see Evidence
LEG-EC-153,EC-153,TPI-092,1,住／家用,廚房耗材,日用品／個人用品,服飾／生活雜貨,MUJI 無印良品,再生聚乙烯垃圾袋S,官方指定商品,MUJI門市／官網,元,RESEARCHABLE-CURRENT-ONLY,0,1,0,A,UNRESOLVED,UNREVIEWED,,0,1,MIGRATED — see Evidence
LEG-EC-154,EC-154,TPI-085,1,日常／個人,保養／化妝,日用品／個人用品,服飾／生活雜貨,MUJI 無印良品,化妝棉/180入/約65x50mm,官方指定商品,MUJI門市／官網,元,RESEARCHABLE-CURRENT-ONLY,0,1,0,A,UNRESOLVED,UNREVIEWED,,0,1,MIGRATED — see Evidence
LEG-EC-155,EC-155,TPI-390,1,住／家用,家居／收納／小家具,日用品／個人用品,日用消耗／家居,特力屋,南亞PVC絕緣膠帶標準卷,固定容量／規格,實體／官網,件,RESEARCHABLE-IDENTITY-ONLY,0,0,0,,UNRESOLVED,UNREVIEWED,,0,0,MIGRATED — see Evidence
LEG-EC-156,EC-156,TPI-087,1,日常／個人,保養／化妝,日用品／個人用品,服飾／生活雜貨,MUJI 無印良品,原色化妝棉/180入,官方指定商品,MUJI門市／官網,元,PREQUALIFIED-EXACT2020,1,1,0,A,UNRESOLVED,LEGACY-KEEP-CANDIDATE,Grandfathered: retain existing valid evidence; final basket still unsealed.,1,1,MIGRATED — see Evidence
LEG-EC-157,EC-157,TPI-088,1,日常／個人,保養／化妝,日用品／個人用品,服飾／生活雜貨,MUJI 無印良品,原色化妝棉/大片88入,官方指定商品,MUJI門市／官網,元,RESEARCHABLE-CURRENT-ONLY,0,1,0,A,UNRESOLVED,UNREVIEWED,,0,1,MIGRATED — see Evidence
LEG-EC-158,EC-158,TPI-086,1,日常／個人,保養／化妝,日用品／個人用品,服飾／生活雜貨,MUJI 無印良品,可撕型化妝棉/86入/約85x60mm,官方指定商品,MUJI門市／官網,元,RESEARCHABLE-CURRENT-ONLY,0,1,0,A,UNRESOLVED,UNREVIEWED,,0,1,MIGRATED — see Evidence
LEG-EC-159,EC-159,TPI-401,1,日常／個人,保養／化妝,日用品／個人用品,日用消耗／家居,Biore 蜜妮,含水防曬保濕水凝乳 SPF50+ PA++++ 50g,50g；核心採一般價,康是美網購eShop,瓶,RESEARCHABLE-CURRENT-ONLY,0,1,0,A,UNRESOLVED,UNREVIEWED,,0,1,MIGRATED — see Evidence
LEG-EC-160,EC-160,TPI-398,1,住／家用,廚房耗材,日用品／個人用品,日用消耗／家居,Kirkland Signature 科克蘭,垃圾袋 37.8公升 × 500入,商品編號87507；37.8L；500入,Costco台灣官網/賣場,盒,RESEARCHABLE-CURRENT-ONLY,0,1,0,A,UNRESOLVED,UNREVIEWED,,0,1,MIGRATED — see Evidence
LEG-EC-161,EC-161,TPI-089,1,日常／個人,保養／化妝,日用品／個人用品,服飾／生活雜貨,MUJI 無印良品,壓邊化妝棉/189入,官方指定商品,MUJI門市／官網,元,PREQUALIFIED-EXACT2020,1,1,0,B,UNRESOLVED,LEGACY-KEEP-CANDIDATE,Grandfathered: retain existing valid evidence; final basket still unsealed.,1,1,MIGRATED — see Evidence
LEG-EC-162,EC-162,TPI-083,1,衣,上衣,日用品／個人用品,服飾／生活雜貨,MUJI 無印良品,女天竺圓領短袖T恤,官方指定商品,MUJI門市／官網,元,RESEARCHABLE-CURRENT-ONLY,0,1,0,A,UNRESOLVED,UNREVIEWED,,0,1,MIGRATED — see Evidence
LEG-EC-163,EC-163,TPI-084,1,衣,上衣,日用品／個人用品,服飾／生活雜貨,MUJI 無印良品,女天竺法式袖T恤,官方指定商品,MUJI門市／官網,元,RESEARCHABLE-CURRENT-ONLY,0,1,0,A,UNRESOLVED,UNREVIEWED,,0,1,MIGRATED — see Evidence
LEG-EC-164,EC-164,TPI-383,1,日常／個人,盥洗／衛生用品,日用品／個人用品,日用消耗／家居,好自在 Whisper,好自在經典款液體衛生棉 10片 34cm,10片；34cm；商品編號9950671,POYA寶雅線上買,包,RESEARCHABLE-CURRENT-ONLY,0,1,0,A,UNRESOLVED,UNREVIEWED,,0,1,MIGRATED — see Evidence
LEG-EC-165,EC-165,TPI-399,1,日常／個人,保養／化妝,日用品／個人用品,日用消耗／家居,專科,專科超微米潔顏乳 120g,120g；商品編號11809991；採頁面原價非促銷價,POYA寶雅線上買,條,RESEARCHABLE-CURRENT-ONLY,0,1,0,A,UNRESOLVED,UNREVIEWED,,0,1,MIGRATED — see Evidence
LEG-EC-166,EC-166,TPI-393,1,日常／個人,保養／化妝,日用品／個人用品,日用消耗／家居,MUJI 無印良品,敏感肌化妝水(保濕型) 300ml,原籃子400ml；現行300ml世代；不可直接跨代比較,MUJI台灣官網/門市,瓶,RESEARCHABLE-CURRENT-ONLY,0,1,0,B,UNRESOLVED,UNREVIEWED,,0,1,MIGRATED — see Evidence
LEG-EC-167,EC-167,TPI-395,1,住／家用,寢具／家紡,日用品／個人用品,日用消耗／家居,MUJI 無印良品,棉天竺被套/SD/單人加工/混灰橫紋,W165×L205cm；棉100%；定價口徑,博客來 MUJI館,件,RESEARCHABLE-CURRENT-ONLY,0,1,0,A,UNRESOLVED,UNREVIEWED,,0,1,MIGRATED — see Evidence
LEG-EC-168,EC-168,TPI-379,1,日常／個人,保養／化妝,日用品／個人用品,日用消耗／家居,NIVEA 妮維雅,極潤修護乳液 400ml,400ml；核心採原價,屈臣氏線上商店,瓶,RESEARCHABLE-CURRENT-ONLY,0,1,0,A,UNRESOLVED,UNREVIEWED,,0,1,MIGRATED — see Evidence
LEG-EC-169,EC-169,TPI-378,1,日常／個人,盥洗／衛生用品,日用品／個人用品,日用消耗／家居,Dove 多芬,滋養柔膚沐浴露－滋養柔嫩 900g,原籃子1000ml；2026現行900g replacement；不可直接跨代比較,屈臣氏線上商店,瓶,RESEARCHABLE-CURRENT-ONLY,0,1,0,B,UNRESOLVED,UNREVIEWED,,0,1,MIGRATED — see Evidence
LEG-EC-170,EC-170,TPI-082,1,衣,上衣,日用品／個人用品,服飾／生活雜貨,MUJI 無印良品,男天竺圓領短袖T恤(素色),官方指定商品,MUJI門市／官網,元,PREQUALIFIED-EXACT2020,1,1,0,B,UNRESOLVED,LEGACY-KEEP-CANDIDATE,Grandfathered: retain existing valid evidence; final basket still unsealed.,1,1,MIGRATED — see Evidence
LEG-EC-171,EC-171,TPI-090,1,衣,上衣,日用品／個人用品,服飾／生活雜貨,MUJI 無印良品,男水洗牛津布扣領長袖襯衫,官方指定商品,MUJI門市／官網,元,RESEARCHABLE-CURRENT-ONLY,0,1,0,A,UNRESOLVED,UNREVIEWED,,0,1,MIGRATED — see Evidence
LEG-EC-172,EC-172,TPI-091,1,衣,上衣,日用品／個人用品,服飾／生活雜貨,MUJI 無印良品,男水洗牛津布立領長袖襯衫,官方指定商品,MUJI門市／官網,元,RESEARCHABLE-CURRENT-ONLY,0,1,0,A,UNRESOLVED,UNREVIEWED,,0,1,MIGRATED — see Evidence
LEG-EC-173,EC-173,TPI-385,1,住／家用,清潔／洗衣用品,日用品／個人用品,日用消耗／家居,寶雅,白蘭洗衣精2.8kg,固定容量／規格,實體／官網,件,RESEARCHABLE-IDENTITY-ONLY,0,0,0,,UNRESOLVED,UNREVIEWED,,0,0,MIGRATED — see Evidence
LEG-EC-174,EC-174,TPI-500,1,住／家用,廚房耗材,日用品／個人用品,日用消耗／家居,百研,百研抽繩式垃圾袋 20L × 55入,20L；55入；商品編號9946731；採頁面原價,POYA寶雅線上買,捲/包,RESEARCHABLE-CURRENT-ONLY,0,1,0,A,UNRESOLVED,UNREVIEWED,,0,1,MIGRATED — see Evidence
LEG-EC-175,EC-175,TPI-396,1,住／家用,紙品,日用品／個人用品,日用消耗／家居,Kirkland Signature 科克蘭,科克蘭捲筒衛生紙 425張×30捲,425張×30捲；網路通路價,Costco台灣官網,箱,RESEARCHABLE-CURRENT-ONLY,0,1,0,A,UNRESOLVED,UNREVIEWED,,0,1,MIGRATED — see Evidence
LEG-EC-176,EC-176,TPI-397,1,住／家用,清潔／洗衣用品,日用品／個人用品,日用消耗／家居,Kirkland Signature 科克蘭,科克蘭超濃縮清新香洗衣精 5.73L,5.73L；網路通路價,Costco台灣官網,桶,RESEARCHABLE-CURRENT-ONLY,0,1,0,A,UNRESOLVED,UNREVIEWED,,0,1,MIGRATED — see Evidence
LEG-EC-177,EC-177,TPI-402,1,日常／個人,盥洗／衛生用品,日用品／個人用品,日用消耗／家居,Listerine 李施德霖,經典原味漱口水 750ml,750ml；核心採原價,屈臣氏線上商店,瓶,RESEARCHABLE-CURRENT-ONLY,0,1,0,A,UNRESOLVED,UNREVIEWED,,0,1,MIGRATED — see Evidence
LEG-EC-178,EC-178,TPI-392,1,住／家用,家居／收納／小家具,日用品／個人用品,日用消耗／家居,MUJI 無印良品,聚丙烯收納箱 深型,商品編號82219326；約寬50.5×深37×高31.5cm,MUJI台灣官網/門市,個,RESEARCHABLE-CURRENT-ONLY,0,1,0,A,UNRESOLVED,UNREVIEWED,,0,1,MIGRATED — see Evidence
LEG-EC-179,EC-179,TPI-404,1,育,文具,日用品／個人用品,日用消耗／家居,MUJI 無印良品,自由組合活頁筆記本封面 A5 聚丙烯,A5；20孔；聚丙烯封面；不含內頁,MUJI台灣官網/門市,件,RESEARCHABLE-CURRENT-ONLY,0,1,0,A,UNRESOLVED,UNREVIEWED,,0,1,MIGRATED — see Evidence
LEG-EC-180,EC-180,TPI-380,1,住／家用,紙品,日用品／個人用品,日用消耗／家居,舒潔,舒潔雲絨舒適抽取衛生紙 90抽×16包,90抽×16包；核心採一般價格,康是美網購eShop,組,RESEARCHABLE-CURRENT-ONLY,0,1,0,A,UNRESOLVED,UNREVIEWED,,0,1,MIGRATED — see Evidence
LEG-EC-181,EC-181,TPI-374,1,住／家用,紙品,日用品／個人用品,日用消耗／家居,舒潔,舒潔雲絨舒適抽取衛生紙 90抽×8包,90抽×8包；核心採一般價格，不採特價,屈臣氏線上商城,組,RESEARCHABLE-CURRENT-ONLY,0,1,0,A,UNRESOLVED,UNREVIEWED,,0,1,MIGRATED — see Evidence
LEG-EC-182,EC-182,TPI-377,1,日常／個人,盥洗／衛生用品,日用品／個人用品,日用消耗／家居,Head & Shoulders 海倫仙度絲,舒緩去屑洗髮露 680g/750ml 隨機出貨,新舊規格隨機；核心採原價,屈臣氏線上商店,瓶,RESEARCHABLE-CURRENT-ONLY,0,1,0,B,UNRESOLVED,UNREVIEWED,,0,1,MIGRATED — see Evidence
LEG-EC-183,EC-183,"TPI-375, TPI-381",2,日常／個人,盥洗／衛生用品,日用品／個人用品,日用消耗／家居,靠得住 KOTEX,草本抑菌衛生棉 23cm 14片×3包,23cm；14片×3包；核心採一般價格,屈臣氏線上商城 | 康是美門市／外送頁,組,RESEARCHABLE-CURRENT-ONLY,0,2,0,A,UNRESOLVED,UNREVIEWED,,0,2,MIGRATED — see Evidence
LEG-EC-184,EC-184,TPI-394,1,住／家用,紙品,日用品／個人用品,日用消耗／家居,MUJI 無印良品,袖珍面紙 6入組,100%竹纖維；6入組,MUJI台灣官網/門市,組,RESEARCHABLE-CURRENT-ONLY,0,1,0,A,UNRESOLVED,UNREVIEWED,,0,1,MIGRATED — see Evidence
LEG-EC-185,EC-185,TPI-352,1,食,正餐／地方小吃,正餐／小吃／早餐,餐飲固定標的,21風味館,21香草烤雞腿,一般門市；單隻；核心採原價,21風味館一般門市,隻,PREQUALIFIED-EXACT2020,1,1,0,A,UNRESOLVED,LEGACY-KEEP-CANDIDATE,Grandfathered: retain existing valid evidence; final basket still unsealed.,1,1,MIGRATED — see Evidence
LEG-EC-186,EC-186,TPI3-R014,1,食,早餐／西式速食,正餐／小吃／早餐,西式速食,德州小騎士,2塊金黃炸雞餐（飲料排除；食物核心待拆）,官方套餐含2塊炸雞＋薯條＋可樂；掛牌145僅作輔助，不進Core,一般門市,元,RESEARCHABLE-IDENTITY-ONLY,0,0,0,,UNRESOLVED,UNREVIEWED,,0,0,MIGRATED — see Evidence
LEG-EC-187,EC-187,TPI-307,1,食,正餐／地方小吃,正餐／小吃／早餐,餐飲固定標的,SUBWAY,6吋火雞胸肉潛艇堡,一般門市／單點,連鎖門市,元,RESEARCHABLE-IDENTITY-ONLY,0,0,0,,UNRESOLVED,UNREVIEWED,,0,0,MIGRATED — see Evidence
LEG-EC-188,EC-188,TPI-309,1,食,正餐／地方小吃,正餐／小吃／早餐,餐飲固定標的,SUBWAY,6吋照燒雞肉潛艇堡,一般門市／單點,連鎖門市,元,RESEARCHABLE-IDENTITY-ONLY,0,0,0,,UNRESOLVED,UNREVIEWED,,0,0,MIGRATED — see Evidence
LEG-EC-189,EC-189,TPI-308,1,食,正餐／地方小吃,正餐／小吃／早餐,餐飲固定標的,SUBWAY,6吋義大利經典潛艇堡,一般門市／單點,連鎖門市,元,RESEARCHABLE-IDENTITY-ONLY,0,0,0,,UNRESOLVED,UNREVIEWED,,0,0,MIGRATED — see Evidence
LEG-EC-190,EC-190,TPI3-R017,1,食,早餐／西式速食,正餐／小吃／早餐,西式速食,德州小騎士,6塊金黃炸雞餐（飲料排除；食物核心待拆）,官方炸雞餐；掛牌350僅作輔助，Core不含飲料,一般門市,元,RESEARCHABLE-IDENTITY-ONLY,0,0,0,,UNRESOLVED,UNREVIEWED,,0,0,MIGRATED — see Evidence
LEG-EC-191,EC-191,TPI3-R034,1,食,早餐／西式速食,正餐／小吃／早餐,連鎖早餐,拉亞漢堡,XL卡啦炸雞湯種吐司,單份；一般門市參考,一般門市,元,RESEARCHABLE-CURRENT-ONLY,0,1,0,A,UNRESOLVED,UNREVIEWED,,0,1,MIGRATED — see Evidence
LEG-EC-192,EC-192,TPI-360,1,食,正餐／地方小吃,正餐／小吃／早餐,地方小吃,山河魯肉飯,三層魯肉飯,單碗；現場一般售價,台中市中區三民路二段87號（第二市場）,碗,RESEARCHABLE-CURRENT-ONLY,0,1,0,A,UNRESOLVED,UNREVIEWED,,0,1,MIGRATED — see Evidence
LEG-EC-193,EC-193,TPI-302,1,食,早餐／西式速食,正餐／小吃／早餐,餐飲固定標的,肯德基,上校雞塊 4塊,一般門市；4塊；由原『6塊』改為現行可明確查證規格,連鎖門市,份,PREQUALIFIED-EXACT2020,1,1,0,A,UNRESOLVED,LEGACY-KEEP-CANDIDATE,Grandfathered: retain existing valid evidence; final basket still unsealed.,1,1,MIGRATED — see Evidence
LEG-EC-194,EC-194,TPI-345,1,食,正餐／地方小吃,正餐／小吃／早餐,餐飲固定標的,石二鍋,上選豬肉石頭鍋基本套餐,一般門市；基本套餐,石二鍋一般門市,份,PREQUALIFIED-EXACT2020,1,1,0,A,UNRESOLVED,LEGACY-KEEP-CANDIDATE,Grandfathered: retain existing valid evidence; final basket still unsealed.,1,1,MIGRATED — see Evidence
LEG-EC-195,EC-195,TPI3-R002,1,食,早餐／西式速食,正餐／小吃／早餐,西式速食,麥當勞,中薯,單點；中份,一般門市,元,PREQUALIFIED-EXACT2020,1,1,0,A,UNRESOLVED,LEGACY-KEEP-CANDIDATE,Grandfathered: retain existing valid evidence; final basket still unsealed.,1,1,MIGRATED — see Evidence
LEG-EC-196,EC-196,TPI-306,1,食,早餐／西式速食,正餐／小吃／早餐,餐飲固定標的,漢堡王,中薯條,一般門市/官網；中份；單點,連鎖門市,份,PREQUALIFIED-EXACT2020,1,1,0,A,UNRESOLVED,LEGACY-KEEP-CANDIDATE,Grandfathered: retain existing valid evidence; final basket still unsealed.,1,1,MIGRATED — see Evidence
LEG-EC-197,EC-197,TPI3-R020,1,食,早餐／西式速食,正餐／小吃／早餐,西式速食,21風味館,中薯霸,中份；正常原價,一般門市,元,RESEARCHABLE-CURRENT-ONLY,0,1,0,A,UNRESOLVED,UNREVIEWED,,0,1,MIGRATED — see Evidence
LEG-EC-198,EC-198,TPI-354,1,食,正餐／地方小吃,正餐／小吃／早餐,餐飲固定標的,Pizza Hut 必勝客,個人鬆厚比薩－夏威夷,外帶；個人鬆厚；官方頁列95元起，夏威夷為可選基本口味,必勝客一般門市,個,RESEARCHABLE-IDENTITY-ONLY,0,0,0,B,UNRESOLVED,UNREVIEWED,,0,0,MIGRATED — see Evidence
LEG-EC-199,EC-199,TPI-066,1,食,早餐／西式速食,正餐／小吃／早餐,速食,麥當勞,勁辣雞腿堡,單點,連鎖門市,元,PREQUALIFIED-EXACT2020,1,1,0,A,UNRESOLVED,LEGACY-KEEP-CANDIDATE,Grandfathered: retain existing valid evidence; final basket still unsealed.,1,1,MIGRATED — see Evidence
LEG-EC-200,EC-200,TPI3-R032,1,食,早餐／西式速食,正餐／小吃／早餐,連鎖早餐,拉亞漢堡,厚切里肌蛋湯種吐司,單份；一般門市參考,一般門市,元,RESEARCHABLE-CURRENT-ONLY,0,1,0,A,UNRESOLVED,UNREVIEWED,,0,1,MIGRATED — see Evidence
LEG-EC-201,EC-201,TPI3-R033,1,食,早餐／西式速食,正餐／小吃／早餐,連鎖早餐,拉亞漢堡,原味千層蛋餅,單份；一般門市參考,一般門市,元,RESEARCHABLE-CURRENT-ONLY,0,1,0,A,UNRESOLVED,UNREVIEWED,,0,1,MIGRATED — see Evidence
LEG-EC-202,EC-202,TPI-300,1,食,早餐／西式速食,正餐／小吃／早餐,餐飲固定標的,肯德基,原味蛋撻（單顆）,一般門市；單顆；參考起價,連鎖門市,顆,PREQUALIFIED-EXACT2020,1,1,0,A,UNRESOLVED,LEGACY-KEEP-CANDIDATE,Grandfathered: retain existing valid evidence; final basket still unsealed.,1,1,MIGRATED — see Evidence
LEG-EC-203,EC-203,"TPI-310, TPI-349, TPI-351",3,食,早餐／西式速食,正餐／小吃／早餐,餐飲固定標的,Q Burger | 晨間廚房 | 弘爺漢堡,原味蛋餅,一般門市；單份,Q Burger一般門市 | 晨間廚房一般門市 | 弘爺漢堡南州店｜彰化溪州,份,PREQUALIFIED-EXACT2020,2,3,0,A | B,UNRESOLVED,LEGACY-KEEP-CANDIDATE,Grandfathered: retain existing valid evidence; final basket still unsealed.,2,3,MIGRATED — see Evidence
LEG-EC-204,EC-204,TPI-081,1,食,正餐／地方小吃,正餐／小吃／早餐,牛肉麵,三商巧福,原汁牛肉麵,單點,連鎖門市,碗,PREQUALIFIED-EXACT2020,1,1,0,A,UNRESOLVED,LEGACY-KEEP-CANDIDATE,Grandfathered: retain existing valid evidence; final basket still unsealed.,1,1,MIGRATED — see Evidence
LEG-EC-205,EC-205,TPI-014,1,食,正餐／地方小吃,正餐／小吃／早餐,連鎖中式快餐,八方雲集,古早味乾麵,全台一般門市／單點,連鎖門市,元,PREQUALIFIED-EXACT2020,1,1,0,A,UNRESOLVED,LEGACY-KEEP-CANDIDATE,Grandfathered: retain existing valid evidence; final basket still unsealed.,1,1,MIGRATED — see Evidence
LEG-EC-206,EC-206,TPI-332,1,食,正餐／地方小吃,正餐／小吃／早餐,餐飲固定標的,梁社漢排骨,古早味燙青菜,一般門市；單份,梁社漢一般門市,份,PREQUALIFIED-EXACT2020,1,1,0,B,UNRESOLVED,LEGACY-KEEP-CANDIDATE,Grandfathered: retain existing valid evidence; final basket still unsealed.,1,1,MIGRATED — see Evidence
LEG-EC-207,EC-207,TPI3-R006,1,食,早餐／西式速食,正餐／小吃／早餐,西式速食,摩斯漢堡,和風炸雞,單點,一般門市,元,RESEARCHABLE-CURRENT-ONLY,0,1,0,A,UNRESOLVED,UNREVIEWED,,0,1,MIGRATED — see Evidence
LEG-EC-208,EC-208,TPI-299,1,食,早餐／西式速食,正餐／小吃／早餐,餐飲固定標的,肯德基,咔啦脆雞（單塊）,一般門市；單點；參考起價,連鎖門市,塊,PREQUALIFIED-EXACT2020,1,1,0,A,UNRESOLVED,LEGACY-KEEP-CANDIDATE,Grandfathered: retain existing valid evidence; final basket still unsealed.,1,1,MIGRATED — see Evidence
LEG-EC-209,EC-209,TPI-301,1,食,早餐／西式速食,正餐／小吃／早餐,餐飲固定標的,肯德基,咔啦雞腿堡,一般門市；單點；參考起價,連鎖門市,個,PREQUALIFIED-EXACT2020,1,1,0,B,UNRESOLVED,LEGACY-KEEP-CANDIDATE,Grandfathered: retain existing valid evidence; final basket still unsealed.,1,1,MIGRATED — see Evidence
LEG-EC-210,EC-210,TPI3-R007,1,食,早餐／西式速食,正餐／小吃／早餐,西式速食,肯德基,咔啦雞腿堡食物套餐（咔啦雞腿堡＋中薯；不含飲料）,分析型食物套餐；咔啦雞腿堡95＋香酥脆薯(中)52；不含飲料,一般門市,元,RESEARCHABLE-CURRENT-ONLY,0,1,0,A,UNRESOLVED,UNREVIEWED,,0,1,MIGRATED — see Evidence
LEG-EC-211,EC-211,TPI-329,1,食,正餐／地方小吃,正餐／小吃／早餐,餐飲固定標的,鬍鬚張,唐山里肌豬排便當,一般門市；單份,連鎖門市,份,RESEARCHABLE-CURRENT-ONLY,0,1,0,A,UNRESOLVED,UNREVIEWED,,0,1,MIGRATED — see Evidence
LEG-EC-212,EC-212,TPI-355,1,食,正餐／地方小吃,正餐／小吃／早餐,餐飲固定標的,Domino's 達美樂,在地食鮮總匯－個人披薩,個人披薩；一般標價；非促銷半價,達美樂一般門市,個,RESEARCHABLE-IDENTITY-ONLY,0,0,0,A,UNRESOLVED,UNREVIEWED,,0,0,MIGRATED — see Evidence
LEG-EC-213,EC-213,TPI-317,1,食,正餐／地方小吃,正餐／小吃／早餐,餐飲固定標的,拉亞漢堡,培根蛋餅,一般門市／單點,連鎖門市,元,RESEARCHABLE-CURRENT-ONLY,0,1,0,A,UNRESOLVED,UNREVIEWED,,0,1,MIGRATED — see Evidence
LEG-EC-214,EC-214,TPI-353,1,食,正餐／地方小吃,正餐／小吃／早餐,餐飲固定標的,拿坡里披薩・炸雞,夏威夷小披薩 9吋,小披薩；外帶/內用；非外送價,拿坡里一般門市,個,RESEARCHABLE-CURRENT-ONLY,0,1,0,A,UNRESOLVED,UNREVIEWED,,0,1,MIGRATED — see Evidence
LEG-EC-215,EC-215,TPI-324,1,食,正餐／地方小吃,正餐／小吃／早餐,餐飲固定標的,三媽臭臭鍋,大腸臭臭鍋,埔心文化店；Foodpanda頁明確標示店內價；單鍋,三媽臭臭鍋埔心文化店,鍋,RESEARCHABLE-CURRENT-ONLY,0,1,0,A,UNRESOLVED,UNREVIEWED,,0,1,MIGRATED — see Evidence
LEG-EC-216,EC-216,TPI-358,1,食,正餐／地方小吃,正餐／小吃／早餐,地方小吃,阿宗麵線,大腸麵線－大碗,西門店；大碗；現場一般售價,台北市萬華區峨眉街8-1號,碗,PREQUALIFIED-EXACT2020,1,1,0,A,UNRESOLVED,LEGACY-KEEP-CANDIDATE,Grandfathered: retain existing valid evidence; final basket still unsealed.,1,1,MIGRATED — see Evidence
LEG-EC-217,EC-217,TPI-061,1,食,早餐／西式速食,正餐／小吃／早餐,速食,麥當勞,大麥克,單點,連鎖門市,元,PREQUALIFIED-EXACT2020,1,1,0,A,UNRESOLVED,LEGACY-KEEP-CANDIDATE,Grandfathered: retain existing valid evidence; final basket still unsealed.,1,1,MIGRATED — see Evidence
LEG-EC-218,EC-218,TPI3-R001,1,食,早餐／西式速食,正餐／小吃／早餐,西式速食,麥當勞,大麥克食物套餐（大麥克＋中薯；不含飲料）,分析型食物套餐；大麥克78＋中薯50；不含任何飲料,一般門市,元,PREQUALIFIED-EXACT2020,1,1,0,A,UNRESOLVED,LEGACY-KEEP-CANDIDATE,Grandfathered: retain existing valid evidence; final basket still unsealed.,1,1,MIGRATED — see Evidence
LEG-EC-219,EC-219,TPI3-R016,1,食,早餐／西式速食,正餐／小吃／早餐,西式速食,德州小騎士,小騎士雞塊（6塊）,6塊；單點,一般門市,元,RESEARCHABLE-CURRENT-ONLY,0,1,0,A,UNRESOLVED,UNREVIEWED,,0,1,MIGRATED — see Evidence
LEG-EC-220,EC-220,TPI-357,1,食,正餐／地方小吃,正餐／小吃／早餐,餐飲固定標的,Mo-Mo-Paradise,平日午餐單鍋吃到飽,平日午餐；單鍋；每位；另加10%服務費,Mo-Mo-Paradise一般門市,人,PREQUALIFIED-EXACT2020,1,1,0,A,UNRESOLVED,LEGACY-KEEP-CANDIDATE,Grandfathered: retain existing valid evidence; final basket still unsealed.,1,1,MIGRATED — see Evidence
LEG-EC-221,EC-221,TPI-356,1,食,正餐／地方小吃,正餐／小吃／早餐,餐飲固定標的,涮乃葉,平日午餐成人－豬肉雞肉最低方案,平日午餐；成人；另加10%服務費,涮乃葉一般門市,人,PREQUALIFIED-EXACT2020,1,1,0,A,UNRESOLVED,LEGACY-KEEP-CANDIDATE,Grandfathered: retain existing valid evidence; final basket still unsealed.,1,1,MIGRATED — see Evidence
LEG-EC-222,EC-222,TPI3-R021,1,食,早餐／西式速食,正餐／小吃／早餐,西式速食,21風味館,心型大雞塊（2入）,2入；正常原價,一般門市,元,RESEARCHABLE-CURRENT-ONLY,0,1,0,A,UNRESOLVED,UNREVIEWED,,0,1,MIGRATED — see Evidence
LEG-EC-223,EC-223,TPI-341,1,食,正餐／地方小吃,正餐／小吃／早餐,餐飲固定標的,爭鮮迴轉壽司,扇貝茶碗蒸,一般門市；單份,連鎖門市,份,PREQUALIFIED-EXACT2020,1,1,0,A,UNRESOLVED,LEGACY-KEEP-CANDIDATE,Grandfathered: retain existing valid evidence; final basket still unsealed.,1,1,MIGRATED — see Evidence
LEG-EC-224,EC-224,TPI-320,1,食,正餐／地方小吃,正餐／小吃／早餐,餐飲固定標的,鼎泰豐,招牌小籠包 1顆,一般門市；公告明列每顆,連鎖門市,顆,PREQUALIFIED-EXACT2020,1,1,0,A,UNRESOLVED,LEGACY-KEEP-CANDIDATE,Grandfathered: retain existing valid evidence; final basket still unsealed.,1,1,MIGRATED — see Evidence
LEG-EC-225,EC-225,TPI-007,1,食,正餐／地方小吃,正餐／小吃／早餐,連鎖中式快餐,八方雲集,招牌水餃,全台一般門市／單點,連鎖門市,元,PREQUALIFIED-EXACT2020,1,1,0,A,UNRESOLVED,LEGACY-KEEP-CANDIDATE,Grandfathered: retain existing valid evidence; final basket still unsealed.,1,1,MIGRATED — see Evidence
LEG-EC-226,EC-226,TPI3-R031,1,食,早餐／西式速食,正餐／小吃／早餐,連鎖早餐,弘爺漢堡,招牌豬肉蛋吐司,單份；一般門市正常原價參考,一般門市,元,RESEARCHABLE-CURRENT-ONLY,0,1,0,A,UNRESOLVED,UNREVIEWED,,0,1,MIGRATED — see Evidence
LEG-EC-227,EC-227,TPI-001,1,食,正餐／地方小吃,正餐／小吃／早餐,連鎖中式快餐,八方雲集,招牌鍋貼,全台一般門市／單點,連鎖門市,元,PREQUALIFIED-EXACT2020,1,1,0,A,UNRESOLVED,LEGACY-KEEP-CANDIDATE,Grandfathered: retain existing valid evidence; final basket still unsealed.,1,1,MIGRATED — see Evidence
LEG-EC-228,EC-228,TPI-336,1,食,正餐／地方小吃,正餐／小吃／早餐,餐飲固定標的,四海遊龍,招牌鍋貼 1顆,一般門市；單顆,連鎖門市,顆,PREQUALIFIED-EXACT2020,1,1,0,A,UNRESOLVED,LEGACY-KEEP-CANDIDATE,Grandfathered: retain existing valid evidence; final basket still unsealed.,1,1,MIGRATED — see Evidence
LEG-EC-229,EC-229,TPI-335,1,食,正餐／地方小吃,正餐／小吃／早餐,餐飲固定標的,悟饕池上飯包,排骨飯包,一般門市／單點,連鎖門市,元,RESEARCHABLE-IDENTITY-ONLY,0,0,0,,UNRESOLVED,UNREVIEWED,,0,0,MIGRATED — see Evidence
LEG-EC-230,EC-230,TPI-048,1,食,早餐／西式速食,正餐／小吃／早餐,速食／米漢堡,摩斯漢堡,摩斯漢堡,單點,連鎖門市,元,RESEARCHABLE-HISTORICAL-NON2020,0,1,1,B,UNRESOLVED,UNREVIEWED,,0,1,MIGRATED — see Evidence
LEG-EC-231,EC-231,TPI3-R003,1,食,早餐／西式速食,正餐／小吃／早餐,西式速食,摩斯漢堡,摩斯漢堡食物套餐（摩斯漢堡＋薯條；不含飲料）,分析型食物套餐；摩斯漢堡70＋薯條65；不含飲料,一般門市,元,RESEARCHABLE-CURRENT-ONLY,0,1,0,A,UNRESOLVED,UNREVIEWED,,0,1,MIGRATED — see Evidence
LEG-EC-232,EC-232,TPI3-R005,1,食,早餐／西式速食,正餐／小吃／早餐,西式速食,摩斯漢堡,摩斯雞塊（6個）,6個；單點,一般門市,元,RESEARCHABLE-CURRENT-ONLY,0,1,0,A,UNRESOLVED,UNREVIEWED,,0,1,MIGRATED — see Evidence
LEG-EC-233,EC-233,TPI-331,1,食,正餐／地方小吃,正餐／小吃／早餐,餐飲固定標的,梁社漢排骨,椒麻雞飯,一般門市；店內菜單口徑,連鎖門市,份,RESEARCHABLE-CURRENT-ONLY,0,1,0,A,UNRESOLVED,UNREVIEWED,,0,1,MIGRATED — see Evidence
LEG-EC-234,EC-234,TPI3-R022,1,食,早餐／西式速食,正餐／小吃／早餐,西式速食,21風味館,椒麻香雞堡,單點；正常原價,一般門市,元,RESEARCHABLE-CURRENT-ONLY,0,1,0,A,UNRESOLVED,UNREVIEWED,,0,1,MIGRATED — see Evidence
LEG-EC-235,EC-235,TPI3-R023,1,食,早餐／西式速食,正餐／小吃／早餐,西式速食,21風味館,椒麻香雞堡食物套餐（漢堡＋中薯；不含飲料）,分析型食物套餐；椒麻香雞堡105＋中薯霸65；不含飲料,一般門市,元,RESEARCHABLE-CURRENT-ONLY,0,1,0,A,UNRESOLVED,UNREVIEWED,,0,1,MIGRATED — see Evidence
LEG-EC-236,EC-236,TPI-333,1,食,正餐／地方小吃,正餐／小吃／早餐,餐飲固定標的,悟饕池上飯包,正宗池上飯包,一般門市／單點,連鎖門市,元,RESEARCHABLE-IDENTITY-ONLY,0,0,0,,UNRESOLVED,UNREVIEWED,,0,0,MIGRATED — see Evidence
LEG-EC-237,EC-237,TPI-326,1,食,正餐／地方小吃,正餐／小吃／早餐,餐飲固定標的,三媽臭臭鍋,泡菜鍋,埔心文化店；Foodpanda頁明確標示店內價；單鍋,三媽臭臭鍋埔心文化店,鍋,RESEARCHABLE-CURRENT-ONLY,0,1,0,A,UNRESOLVED,UNREVIEWED,,0,1,MIGRATED — see Evidence
LEG-EC-238,EC-238,TPI3-R015,1,食,早餐／西式速食,正餐／小吃／早餐,西式速食,德州小騎士,波浪薯條,單點,一般門市,元,RESEARCHABLE-CURRENT-ONLY,0,1,0,A,UNRESOLVED,UNREVIEWED,,0,1,MIGRATED — see Evidence
LEG-EC-239,EC-239,TPI-325,1,食,正餐／地方小吃,正餐／小吃／早餐,餐飲固定標的,三媽臭臭鍋,海鮮豆腐鍋,埔心文化店；Foodpanda頁明確標示店內價；單鍋,三媽臭臭鍋埔心文化店,鍋,RESEARCHABLE-CURRENT-ONLY,0,1,0,A,UNRESOLVED,UNREVIEWED,,0,1,MIGRATED — see Evidence
LEG-EC-240,EC-240,TPI-348,1,食,正餐／地方小吃,正餐／小吃／早餐,餐飲固定標的,CoCo壹番屋,涮豬肉咖哩飯,一般門市；標準飯量；另有10%服務費,CoCo壹番屋一般門市,份,RESEARCHABLE-CURRENT-ONLY,0,1,0,A,UNRESOLVED,UNREVIEWED,,0,1,MIGRATED — see Evidence
LEG-EC-241,EC-241,TPI-330,1,食,正餐／地方小吃,正餐／小吃／早餐,餐飲固定標的,梁社漢排骨,炸排骨飯,一般門市；店內菜單口徑,連鎖門市,份,PREQUALIFIED-EXACT2020,1,1,0,A,UNRESOLVED,LEGACY-KEEP-CANDIDATE,Grandfathered: retain existing valid evidence; final basket still unsealed.,1,1,MIGRATED — see Evidence
LEG-EC-242,EC-242,TPI-363,1,食,正餐／地方小吃,正餐／小吃／早餐,地方小吃,博義師燒肉飯（美麗島站）,燒肉飯－小,小碗；現場一般售價,高雄市新興區復橫一路276號,碗,RESEARCHABLE-CURRENT-ONLY,0,1,0,A,UNRESOLVED,UNREVIEWED,,0,1,MIGRATED — see Evidence
LEG-EC-243,EC-243,"TPI-346, TPI-347",2,食,正餐／地方小吃,正餐／小吃／早餐,餐飲固定標的,吉野家 | すき家,牛丼中,一般門市／單點,連鎖門市,元,RESEARCHABLE-CURRENT-ONLY,0,2,0,,UNRESOLVED,UNREVIEWED,,0,2,MIGRATED — see Evidence
LEG-EC-244,EC-244,TPI3-R025,1,食,正餐／地方小吃,正餐／小吃／早餐,連鎖中式快餐,三商巧福,現燙青菜,單點；建議售價,一般門市,元,PREQUALIFIED-EXACT2020,1,1,0,A,UNRESOLVED,LEGACY-KEEP-CANDIDATE,Grandfathered: retain existing valid evidence; final basket still unsealed.,1,1,MIGRATED — see Evidence
LEG-EC-245,EC-245,TPI3-R009,1,食,早餐／西式速食,正餐／小吃／早餐,西式速食,漢堡王,皇家華堡,單點,一般門市,元,PREQUALIFIED-EXACT2020,1,1,0,B,UNRESOLVED,LEGACY-KEEP-CANDIDATE,Grandfathered: retain existing valid evidence; final basket still unsealed.,1,1,MIGRATED — see Evidence
LEG-EC-246,EC-246,TPI3-R013,1,食,早餐／西式速食,正餐／小吃／早餐,西式速食,漢堡王,皇家華堡食物套餐（皇家華堡＋中薯；不含飲料）,分析型食物套餐；皇家華堡144＋中薯59；不含飲料,一般門市,元,PREQUALIFIED-EXACT2020,1,1,0,B,UNRESOLVED,LEGACY-KEEP-CANDIDATE,Grandfathered: retain existing valid evidence; final basket still unsealed.,1,1,MIGRATED — see Evidence
LEG-EC-247,EC-247,TPI3-R010,1,食,早餐／西式速食,正餐／小吃／早餐,西式速食,漢堡王,皇家雙層華堡,單點,一般門市,元,PREQUALIFIED-EXACT2020,1,1,0,B,UNRESOLVED,LEGACY-KEEP-CANDIDATE,Grandfathered: retain existing valid evidence; final basket still unsealed.,1,1,MIGRATED — see Evidence
LEG-EC-248,EC-248,TPI-323,1,食,正餐／地方小吃,正餐／小吃／早餐,餐飲固定標的,鼎泰豐,精緻小菜,一般門市；單份,連鎖門市,份,RESEARCHABLE-CURRENT-ONLY,0,1,0,A,UNRESOLVED,UNREVIEWED,,0,1,MIGRATED — see Evidence
LEG-EC-249,EC-249,TPI3-R024,1,食,正餐／地方小吃,正餐／小吃／早餐,連鎖中式快餐,三商巧福,紅燒排骨飯,單點；建議售價,一般門市,元,PREQUALIFIED-EXACT2020,1,1,0,A,UNRESOLVED,LEGACY-KEEP-CANDIDATE,Grandfathered: retain existing valid evidence; final basket still unsealed.,1,1,MIGRATED — see Evidence
LEG-EC-250,EC-250,TPI-338,1,食,正餐／地方小吃,正餐／小吃／早餐,餐飲固定標的,四海遊龍,紅燒牛肉麵,一般門市；單碗,連鎖門市,碗,PREQUALIFIED-EXACT2020,1,1,0,B,UNRESOLVED,LEGACY-KEEP-CANDIDATE,Grandfathered: retain existing valid evidence; final basket still unsealed.,1,1,MIGRATED — see Evidence
LEG-EC-251,EC-251,TPI3-R011,1,食,早餐／西式速食,正餐／小吃／早餐,西式速食,漢堡王,經典脆雞堡,單點；炸雞／脆雞類代表,一般門市,元,RESEARCHABLE-CURRENT-ONLY,0,1,0,A,UNRESOLVED,UNREVIEWED,,0,1,MIGRATED — see Evidence
LEG-EC-252,EC-252,TPI-344,1,食,正餐／地方小吃,正餐／小吃／早餐,餐飲固定標的,築間幸福鍋物,美國牛五花鍋物套餐（中份）,一般門市；中份；含自助吧；不含湯底加價,築間幸福鍋物一般門市,份,RESEARCHABLE-CURRENT-ONLY,0,1,0,A,UNRESOLVED,UNREVIEWED,,0,1,MIGRATED — see Evidence
LEG-EC-253,EC-253,TPI-361,1,食,正餐／地方小吃,正餐／小吃／早餐,地方小吃,丁山肉丸,肉圓,單顆/單份；現場一般售價,台中市中區中正路204號,份,RESEARCHABLE-IDENTITY-ONLY,0,0,0,A,UNRESOLVED,UNREVIEWED,,0,0,MIGRATED — see Evidence
LEG-EC-254,EC-254,TPI-020,1,食,正餐／地方小吃,正餐／小吃／早餐,連鎖中式快餐,八方雲集,菜肉大餛飩麵,全台一般門市／單點,連鎖門市,元,PREQUALIFIED-EXACT2020,1,1,0,A,UNRESOLVED,LEGACY-KEEP-CANDIDATE,Grandfathered: retain existing valid evidence; final basket still unsealed.,1,1,MIGRATED — see Evidence
LEG-EC-255,EC-255,TPI-057,1,食,早餐／西式速食,正餐／小吃／早餐,速食／米漢堡,摩斯漢堡,薑燒珍珠堡,單點,連鎖門市,元,RESEARCHABLE-HISTORICAL-NON2020,0,1,1,B,UNRESOLVED,UNREVIEWED,,0,1,MIGRATED — see Evidence
LEG-EC-256,EC-256,TPI3-R004,1,食,早餐／西式速食,正餐／小吃／早餐,西式速食,摩斯漢堡,薯條,單點,一般門市,元,RESEARCHABLE-CURRENT-ONLY,0,1,0,A,UNRESOLVED,UNREVIEWED,,0,1,MIGRATED — see Evidence
LEG-EC-257,EC-257,TPI-050,1,食,早餐／西式速食,正餐／小吃／早餐,速食／米漢堡,摩斯漢堡,蜜汁烤雞堡,單點,連鎖門市,元,RESEARCHABLE-HISTORICAL-NON2020,0,1,1,B,UNRESOLVED,UNREVIEWED,,0,1,MIGRATED — see Evidence
LEG-EC-258,EC-258,TPI-321,1,食,正餐／地方小吃,正餐／小吃／早餐,餐飲固定標的,鼎泰豐,蝦仁蛋炒飯,一般門市；單份,連鎖門市,份,PREQUALIFIED-EXACT2020,1,1,0,A,UNRESOLVED,LEGACY-KEEP-CANDIDATE,Grandfathered: retain existing valid evidence; final basket still unsealed.,1,1,MIGRATED — see Evidence
LEG-EC-259,EC-259,TPI-322,1,食,正餐／地方小吃,正餐／小吃／早餐,餐飲固定標的,鼎泰豐,蝦肉紅油抄手,一般門市；單份,連鎖門市,份,PREQUALIFIED-EXACT2020,1,1,0,A,UNRESOLVED,LEGACY-KEEP-CANDIDATE,Grandfathered: retain existing valid evidence; final basket still unsealed.,1,1,MIGRATED — see Evidence
LEG-EC-260,EC-260,TPI-350,1,食,正餐／地方小吃,正餐／小吃／早餐,餐飲固定標的,早安美芝城,豬肉蛋吐司,一般門市／單點,連鎖門市,元,RESEARCHABLE-CURRENT-ONLY,0,1,0,,UNRESOLVED,UNREVIEWED,,0,1,MIGRATED — see Evidence
LEG-EC-261,EC-261,TPI3-R018,1,食,早餐／西式速食,正餐／小吃／早餐,西式速食,德州小騎士,辣雞騎士堡餐（飲料排除；漢堡核心待拆）,官方產品含辣雞騎士堡＋可樂；掛牌119僅作輔助,一般門市,元,RESEARCHABLE-IDENTITY-ONLY,0,0,0,,UNRESOLVED,UNREVIEWED,,0,0,MIGRATED — see Evidence
LEG-EC-262,EC-262,TPI3-R029,1,食,正餐／地方小吃,正餐／小吃／早餐,連鎖中式快餐,四海遊龍,酸辣湯,單碗；一般門市參考,一般門市,元,PREQUALIFIED-EXACT2020,1,1,0,B,UNRESOLVED,LEGACY-KEEP-CANDIDATE,Grandfathered: retain existing valid evidence; final basket still unsealed.,1,1,MIGRATED — see Evidence
LEG-EC-263,EC-263,TPI-018,1,食,正餐／地方小吃,正餐／小吃／早餐,連鎖中式快餐,八方雲集,酸辣湯麵,全台一般門市／單點,連鎖門市,元,PREQUALIFIED-EXACT2020,1,1,0,A,UNRESOLVED,LEGACY-KEEP-CANDIDATE,Grandfathered: retain existing valid evidence; final basket still unsealed.,1,1,MIGRATED — see Evidence
LEG-EC-264,EC-264,TPI-312,1,食,早餐／西式速食,正餐／小吃／早餐,餐飲固定標的,Q Burger,里肌豬排吐司,一般門市；單份；原master『里肌豬排蛋吐司』已非現行具名SKU,Q Burger一般門市,份,RESEARCHABLE-CURRENT-ONLY,0,1,0,B,UNRESOLVED,UNREVIEWED,,0,1,MIGRATED — see Evidence
LEG-EC-265,EC-265,TPI3-R026,1,食,正餐／地方小吃,正餐／小吃／早餐,日式定食,福勝亭,開運豬排定食,一般門市；定食；平台正常起價,一般門市,元,PREQUALIFIED-EXACT2020,1,1,0,A,UNRESOLVED,LEGACY-KEEP-CANDIDATE,Grandfathered: retain existing valid evidence; final basket still unsealed.,1,1,MIGRATED — see Evidence
LEG-EC-266,EC-266,TPI-062,1,食,早餐／西式速食,正餐／小吃／早餐,速食,麥當勞,雙層牛肉吉事堡,單點,連鎖門市,元,PREQUALIFIED-EXACT2020,1,1,0,A,UNRESOLVED,LEGACY-KEEP-CANDIDATE,Grandfathered: retain existing valid evidence; final basket still unsealed.,1,1,MIGRATED — see Evidence
LEG-EC-267,EC-267,TPI3-R012,1,食,早餐／西式速食,正餐／小吃／早餐,西式速食,漢堡王,雞塊（4塊）,4塊；正常單點價,一般門市,元,RESEARCHABLE-CURRENT-ONLY,0,1,0,A,UNRESOLVED,UNREVIEWED,,0,1,MIGRATED — see Evidence
LEG-EC-268,EC-268,TPI-328,1,食,正餐／地方小吃,正餐／小吃／早餐,餐飲固定標的,鬍鬚張,雞肉飯（小）,一般門市；小碗；店內價口徑,鬍鬚張一般門市,碗,PREQUALIFIED-EXACT2020,1,1,0,B,UNRESOLVED,LEGACY-KEEP-CANDIDATE,Grandfathered: retain existing valid evidence; final basket still unsealed.,1,1,MIGRATED — see Evidence
LEG-EC-269,EC-269,TPI-334,1,食,正餐／地方小吃,正餐／小吃／早餐,餐飲固定標的,悟饕池上飯包,雞腿飯包,一般門市／單點,連鎖門市,元,RESEARCHABLE-IDENTITY-ONLY,0,0,0,,UNRESOLVED,UNREVIEWED,,0,0,MIGRATED — see Evidence
LEG-EC-270,EC-270,TPI-337,1,食,正餐／地方小吃,正餐／小吃／早餐,餐飲固定標的,四海遊龍,韭菜水餃 1顆,一般門市；單顆,連鎖門市,顆,PREQUALIFIED-EXACT2020,1,1,0,A,UNRESOLVED,LEGACY-KEEP-CANDIDATE,Grandfathered: retain existing valid evidence; final basket still unsealed.,1,1,MIGRATED — see Evidence
LEG-EC-271,EC-271,TPI-327,1,食,正餐／地方小吃,正餐／小吃／早餐,餐飲固定標的,鬍鬚張,飄香魯肉飯（小）,一般門市；小碗,連鎖門市,碗,PREQUALIFIED-EXACT2020,1,1,0,A,UNRESOLVED,LEGACY-KEEP-CANDIDATE,Grandfathered: retain existing valid evidence; final basket still unsealed.,1,1,MIGRATED — see Evidence
LEG-EC-272,EC-272,TPI3-R019,1,食,早餐／西式速食,正餐／小吃／早餐,西式速食,21風味館,香脆炸雞桶（5入）,5入；核心採明列原價,一般門市,元,RESEARCHABLE-CURRENT-ONLY,0,1,0,A,UNRESOLVED,UNREVIEWED,,0,1,MIGRATED — see Evidence
LEG-EC-273,EC-273,TPI3-R008,1,食,早餐／西式速食,正餐／小吃／早餐,西式速食,肯德基,香酥脆薯（中）,中份；單點,一般門市,元,RESEARCHABLE-CURRENT-ONLY,0,1,0,A,UNRESOLVED,UNREVIEWED,,0,1,MIGRATED — see Evidence
LEG-EC-274,EC-274,TPI3-R035,1,食,早餐／西式速食,正餐／小吃／早餐,連鎖早餐,麥味登,香雞漢堡,單份；一般門市官方參考價,一般門市,元,RESEARCHABLE-CURRENT-ONLY,0,1,0,A,UNRESOLVED,UNREVIEWED,,0,1,MIGRATED — see Evidence
LEG-EC-275,EC-275,TPI-343,1,食,正餐／地方小吃,正餐／小吃／早餐,餐飲固定標的,藏壽司,鮪魚握壽司,藏壽司台灣；單盤,連鎖門市,盤,PREQUALIFIED-EXACT2020,1,1,0,A,UNRESOLVED,LEGACY-KEEP-CANDIDATE,Grandfathered: retain existing valid evidence; final basket still unsealed.,1,1,MIGRATED — see Evidence
LEG-EC-276,EC-276,TPI3-R030,1,食,早餐／西式速食,正餐／小吃／早餐,連鎖早餐,晨間廚房,鮪魚玉米蛋餅,單份；一般門市參考,一般門市,元,RESEARCHABLE-CURRENT-ONLY,0,1,0,A,UNRESOLVED,UNREVIEWED,,0,1,MIGRATED — see Evidence
LEG-EC-277,EC-277,"TPI-311, TPI-314",2,食,早餐／西式速食,正餐／小吃／早餐,餐飲固定標的,Q Burger | 麥味登,鮪魚蛋餅,一般門市；單份,Q Burger一般門市 | 麥味登一般門市,份,PREQUALIFIED-EXACT2020,1,2,0,B | A,UNRESOLVED,LEGACY-KEEP-CANDIDATE,Grandfathered: retain existing valid evidence; final basket still unsealed.,1,2,MIGRATED — see Evidence
LEG-EC-278,EC-278,TPI-339,1,食,正餐／地方小吃,正餐／小吃／早餐,餐飲固定標的,爭鮮迴轉壽司,鮭魚握壽司,爭鮮迴轉壽司；單盤/單品,連鎖門市,盤,PREQUALIFIED-EXACT2020,1,1,0,A,UNRESOLVED,LEGACY-KEEP-CANDIDATE,Grandfathered: retain existing valid evidence; final basket still unsealed.,1,1,MIGRATED — see Evidence
LEG-EC-279,EC-279,TPI-342,1,食,正餐／地方小吃,正餐／小吃／早餐,餐飲固定標的,壽司郎,鮭魚握壽司（40元帶）,台灣壽司郎；單盤,連鎖門市,盤,PREQUALIFIED-EXACT2020,1,1,0,A,UNRESOLVED,LEGACY-KEEP-CANDIDATE,Grandfathered: retain existing valid evidence; final basket still unsealed.,1,1,MIGRATED — see Evidence
LEG-EC-280,EC-280,TPI3-R027,1,食,正餐／地方小吃,正餐／小吃／早餐,日式定食,福勝亭,鮮嫩炸雞柳定食,一般門市；定食；平台正常起價,一般門市,元,PREQUALIFIED-EXACT2020,1,1,0,A,UNRESOLVED,LEGACY-KEEP-CANDIDATE,Grandfathered: retain existing valid evidence; final basket still unsealed.,1,1,MIGRATED — see Evidence
LEG-EC-281,EC-281,TPI-013,1,食,正餐／地方小吃,正餐／小吃／早餐,連鎖中式快餐,八方雲集,鮮蝦水餃,全台一般門市／單點,連鎖門市,元,PREQUALIFIED-EXACT2020,1,1,0,A,UNRESOLVED,LEGACY-KEEP-CANDIDATE,Grandfathered: retain existing valid evidence; final basket still unsealed.,1,1,MIGRATED — see Evidence
LEG-EC-282,EC-282,TPI-340,1,食,正餐／地方小吃,正餐／小吃／早餐,餐飲固定標的,爭鮮迴轉壽司,鮮魚味噌湯,一般門市；單碗,連鎖門市,碗,PREQUALIFIED-EXACT2020,1,1,0,A,UNRESOLVED,LEGACY-KEEP-CANDIDATE,Grandfathered: retain existing valid evidence; final basket still unsealed.,1,1,MIGRATED — see Evidence
LEG-EC-283,EC-283,TPI-362,1,食,正餐／地方小吃,正餐／小吃／早餐,地方小吃,鴨肉珍,鴨肉飯,單碗；現場一般售價,高雄市鹽埕區新樂街231-2號,碗,RESEARCHABLE-IDENTITY-ONLY,0,0,0,A,UNRESOLVED,UNREVIEWED,,0,0,MIGRATED — see Evidence
LEG-EC-284,EC-284,TPI-359,1,食,正餐／地方小吃,正餐／小吃／早餐,地方小吃,陳陽鵝肉大王,鵝肉麵－小,小碗；現場一般售價,台北市大安區大安路一段31巷8號,碗,RESEARCHABLE-CURRENT-ONLY,0,1,0,A,UNRESOLVED,UNREVIEWED,,0,1,MIGRATED — see Evidence
LEG-EC-285,EC-285,TPI-065,1,食,早餐／西式速食,正餐／小吃／早餐,速食,麥當勞,麥克雞塊10塊,單點,連鎖門市,元,PREQUALIFIED-EXACT2020,1,1,0,A,UNRESOLVED,LEGACY-KEEP-CANDIDATE,Grandfathered: retain existing valid evidence; final basket still unsealed.,1,1,MIGRATED — see Evidence
LEG-EC-286,EC-286,TPI-064,1,食,早餐／西式速食,正餐／小吃／早餐,速食,麥當勞,麥克雞塊6塊,單點,連鎖門市,元,PREQUALIFIED-EXACT2020,1,1,0,A,UNRESOLVED,LEGACY-KEEP-CANDIDATE,Grandfathered: retain existing valid evidence; final basket still unsealed.,1,1,MIGRATED — see Evidence
LEG-EC-287,EC-287,TPI-067,1,食,早餐／西式速食,正餐／小吃／早餐,速食,麥當勞,麥脆雞腿2塊,單點,連鎖門市,元,PREQUALIFIED-EXACT2020,1,1,0,A,UNRESOLVED,LEGACY-KEEP-CANDIDATE,Grandfathered: retain existing valid evidence; final basket still unsealed.,1,1,MIGRATED — see Evidence
LEG-EC-288,EC-288,TPI-063,1,食,早餐／西式速食,正餐／小吃／早餐,速食,麥當勞,麥香雞,單點,連鎖門市,元,PREQUALIFIED-EXACT2020,1,1,0,A,UNRESOLVED,LEGACY-KEEP-CANDIDATE,Grandfathered: retain existing valid evidence; final basket still unsealed.,1,1,MIGRATED — see Evidence
LEG-EC-289,EC-289,TPI3-R028,1,食,正餐／地方小吃,正餐／小吃／早餐,日式定食,福勝亭,黃金魚排定食,一般門市；定食；平台正常起價,一般門市,元,PREQUALIFIED-EXACT2020,1,1,0,B,UNRESOLVED,LEGACY-KEEP-CANDIDATE,Grandfathered: retain existing valid evidence; final basket still unsealed.,1,1,MIGRATED — see Evidence
LEG-EC-290,EC-290,TPI-315,1,食,正餐／地方小吃,正餐／小吃／早餐,餐飲固定標的,麥味登,黑胡椒豬里肌蛋湯種吐司,一般門市；單份；由原里肌豬排蛋吐司實體化,麥味登一般門市,份,RESEARCHABLE-CURRENT-ONLY,0,1,0,B,UNRESOLVED,UNREVIEWED,,0,1,MIGRATED — see Evidence
LEG-EC-291,EC-291,TPI-405,1,日常／個人,理髮／美容,理髮／美容／洗衣,服務,曼都髮型,一般洗髮,和平店；一般洗髮,曼都髮型和平店｜台北大安,次,RESEARCHABLE-CURRENT-ONLY,0,1,0,A,UNRESOLVED,UNREVIEWED,,0,1,MIGRATED — see Evidence
LEG-EC-292,EC-292,TPI-414,1,日常／個人,理髮／美容,理髮／美容／洗衣,服務,SeSA自助洗衣吧,中型洗衣機－標準洗程,新安店；中型洗衣機；固定同機型/洗程,SeSA自助洗衣吧 台北新安店｜台北市中山區新生北路一段108-4號,次,RESEARCHABLE-IDENTITY-ONLY,0,0,0,A,UNRESOLVED,UNREVIEWED,,0,0,MIGRATED — see Evidence
LEG-EC-293,EC-293,TPI-417,1,日常／個人,理髮／美容,理髮／美容／洗衣,服務,SeSA自助洗衣吧,中型烘衣機－10分鐘觀測單位,新安店；中型烘衣機；統一以10分鐘作觀測單位,SeSA自助洗衣吧 台北新安店｜台北市中山區新生北路一段108-4號,10分鐘,RESEARCHABLE-IDENTITY-ONLY,0,0,0,B,UNRESOLVED,UNREVIEWED,,0,0,MIGRATED — see Evidence
LEG-EC-294,EC-294,"TPI-406, TPI-408",2,日常／個人,理髮／美容,理髮／美容／洗衣,服務,曼都髮型 | 小林髮廊,剪髮,和平店；剪髮起價,曼都髮型和平店｜台北大安 | 小林髮廊總店｜台北大安,次,RESEARCHABLE-CURRENT-ONLY,0,2,0,B | A,UNRESOLVED,UNREVIEWED,,0,2,MIGRATED — see Evidence
LEG-EC-295,EC-295,TPI-423,1,日常／個人,理髮／美容,理髮／美容／洗衣,服務,剪單 Hair-Cut ONLY,單次剪髮,20分鐘；單次；起價,剪單 Hair-Cut ONLY｜台北市大安區仁愛路四段345巷4弄32號1樓,次,RESEARCHABLE-CURRENT-ONLY,0,1,0,B,UNRESOLVED,UNREVIEWED,,0,1,MIGRATED — see Evidence
LEG-EC-296,EC-296,"TPI-409, TPI-413",2,日常／個人,理髮／美容,理髮／美容／洗衣,服務,HAPPYHAIR,專業洗髮,市府店；單次,HAPPYHAIR市府店｜台北信義 | HAPPYHAIR陽明店｜高雄三民,次,RESEARCHABLE-CURRENT-ONLY,0,2,0,A,UNRESOLVED,UNREVIEWED,,0,2,MIGRATED — see Evidence
LEG-EC-297,EC-297,TPI-079,1,日常／個人,理髮／美容,理髮／美容／洗衣,快速剪髮,QB HOUSE,標準剪髮,一般成人，不含洗髮,連鎖門市,次,PREQUALIFIED-EXACT2020,1,1,1,A,UNRESOLVED,LEGACY-KEEP-CANDIDATE,Batch 4: exact-2020 chain-wide uniform haircut price added; historical branch evidence aligns with chain-standard pricing concept.,1,1,UPDATED — Exact-2020 evidence added in Batch 4
LEG-EC-298,EC-298,TPI-420,1,日常／個人,理髮／美容,理髮／美容／洗衣,服務,AmpLaun太常乾洗,標準襯衫 Standard Shirt,標準商務/制服襯衫；單件,AmpLaun太常乾洗｜台北市到府/門市服務,件,RESEARCHABLE-CURRENT-ONLY,0,1,0,A,UNRESOLVED,UNREVIEWED,,0,1,MIGRATED — see Evidence
LEG-EC-299,EC-299,"TPI-407, TPI-411, TPI-412",3,日常／個人,理髮／美容,理髮／美容／洗衣,服務,小林髮廊 | 領導流行,洗髮,總店；設計師Ann頁固定最低服務價,小林髮廊總店｜台北大安 | 小林髮廊薩店｜台北萬華 | 領導流行台中店｜台中南區,次,RESEARCHABLE-CURRENT-ONLY,0,3,0,A | B,UNRESOLVED,UNREVIEWED,,0,3,MIGRATED — see Evidence
LEG-EC-300,EC-300,TPI-421,1,日常／個人,理髮／美容,理髮／美容／洗衣,服務,大維洗衣聯盟,男襯衫－乾洗,單件；乾洗,大維洗衣聯盟｜台中,件,RESEARCHABLE-CURRENT-ONLY,0,1,0,A,UNRESOLVED,UNREVIEWED,,0,1,MIGRATED — see Evidence
LEG-EC-301,EC-301,TPI-415,1,日常／個人,理髮／美容,理髮／美容／洗衣,服務,U-WASH速喜樂,自助洗衣－固定中型機觀測,大德店；24H；中型洗衣機,U-WASH速喜樂 大德店｜台中市北區大德街93號,次,RESEARCHABLE-IDENTITY-ONLY,0,0,0,B,UNRESOLVED,UNREVIEWED,,0,0,MIGRATED — see Evidence
LEG-EC-302,EC-302,TPI-416,1,日常／個人,理髮／美容,理髮／美容／洗衣,服務,Speed Queen 皇后洗衣,自助洗衣－固定洗衣機觀測,高雄永泰店；固定同機型/洗程,Speed Queen 皇后洗衣 高雄永泰店｜高雄市苓雅區永泰路112號1樓,次,RESEARCHABLE-IDENTITY-ONLY,0,0,0,B,UNRESOLVED,UNREVIEWED,,0,0,MIGRATED — see Evidence
LEG-EC-303,EC-303,"TPI-418, TPI-419",2,日常／個人,理髮／美容,理髮／美容／洗衣,服務,U-WASH速喜樂 | Speed Queen 皇后洗衣,自助烘衣－10分鐘觀測單位,大德店；24H；統一以10分鐘作比較單位,U-WASH速喜樂 大德店｜台中市北區大德街93號 | Speed Queen 皇后洗衣 高雄永泰店｜高雄市苓雅區永泰路112號1樓,10分鐘,RESEARCHABLE-IDENTITY-ONLY,0,0,0,B,UNRESOLVED,UNREVIEWED,,0,0,MIGRATED — see Evidence
LEG-EC-304,EC-304,TPI-422,1,日常／個人,理髮／美容,理髮／美容／洗衣,服務,ACE洗衣,襯衫－專業乾洗,單件；含整燙；起價,ACE洗衣｜高雄,件,RESEARCHABLE-CURRENT-ONLY,0,1,0,B,UNRESOLVED,UNREVIEWED,,0,1,MIGRATED — see Evidence
LEG-EC-305,EC-305,TPI-410,1,日常／個人,理髮／美容,理髮／美容／洗衣,服務,HAPPYHAIR,造型剪髮,市府店；含洗髮；起價,HAPPYHAIR市府店｜台北信義,次,RESEARCHABLE-CURRENT-ONLY,0,1,0,B,UNRESOLVED,UNREVIEWED,,0,1,MIGRATED — see Evidence
LEG-EC-306,EC-306,"TPI-104, TPI-105, TPI-106",3,食,超市／自煮基礎食品,超市／自煮食材,米糧,固定SKU／標準規格,三好米 台梗九號 2kg,全聯PX Mart一般售價；促銷另記,全聯PX Mart | 家樂福線上商城 | 美廉社,包,RESEARCHABLE-CURRENT-ONLY,0,2,0,B,UNRESOLVED,UNREVIEWED,,0,2,MIGRATED — see Evidence
LEG-EC-307,EC-307,"TPI-101, TPI-102, TPI-103",3,食,超市／自煮基礎食品,超市／自煮食材,米糧,固定SKU／標準規格,中興米 花東台梗九號米 2kg,全聯PX Mart一般售價；促銷另記,全聯PX Mart | 家樂福線上商城 | 美廉社,包,RESEARCHABLE-IDENTITY-ONLY,0,0,0,,UNRESOLVED,UNREVIEWED,,0,0,MIGRATED — see Evidence
LEG-EC-308,EC-308,"TPI-188, TPI-189, TPI-190",3,食,超市／自煮基礎食品,超市／自煮食材,豆腐,固定SKU／標準規格,中華非基改板豆腐 300g,原固定300g；現行345g；PACKAGE-CHANGE；全聯一般售價,全聯PX Mart | 家樂福線上商城 | 美廉社,盒,RESEARCHABLE-CURRENT-ONLY,0,2,0,B,UNRESOLVED,UNREVIEWED,,0,2,MIGRATED — see Evidence
LEG-EC-309,EC-309,"TPI-170, TPI-171, TPI-172",3,食,甜點／零食,超市／自煮食材,零食,固定SKU／標準規格,乖乖玉米脆條－五香 52g,52g；全聯小時達,全聯PX Mart | 家樂福線上商城 | 美廉社,包,RESEARCHABLE-CURRENT-ONLY,0,2,0,A | B,UNRESOLVED,UNREVIEWED,,0,2,MIGRATED — see Evidence
LEG-EC-310,EC-310,"TPI-203, TPI-204, TPI-205",3,食,超市／自煮基礎食品,超市／自煮食材,麵條,固定SKU／標準規格,五木關東麵 320g,原固定320g；現行375g；PACKAGE-CHANGE；全聯一般單包價,全聯PX Mart | 家樂福線上商城 | 美廉社,包,RESEARCHABLE-CURRENT-ONLY,0,2,0,B,UNRESOLVED,UNREVIEWED,,0,2,MIGRATED — see Evidence
LEG-EC-311,EC-311,"TPI-110, TPI-111, TPI-112",3,食,超市／自煮基礎食品,超市／自煮食材,乳品,固定SKU／標準規格 | 光泉,光泉全脂鮮乳 936ml,全聯PX Mart一般售價；促銷另記,全聯PX Mart | 家樂福線上商城 | 美廉社,瓶,RESEARCHABLE-CURRENT-ONLY,0,2,0,A | B,UNRESOLVED,UNREVIEWED,,0,2,MIGRATED — see Evidence
LEG-EC-312,EC-312,"TPI-218, TPI-219, TPI-220",3,食,超市／自煮基礎食品,超市／自煮食材,生鮮標準,固定SKU／標準規格,冠軍egg冠軍洗選蛋 600g±30g（L10粒）,10入；L級；全聯小時達,全聯PX Mart | 家樂福線上商城 | 美廉社,盒,RESEARCHABLE-CURRENT-ONLY,0,2,0,A | B,UNRESOLVED,UNREVIEWED,,0,2,MIGRATED — see Evidence
LEG-EC-313,EC-313,"TPI-197, TPI-198, TPI-199",3,食,超市／自煮基礎食品,超市／自煮食材,醬料,固定SKU／標準規格,可果美蕃茄醬 500g,500g；全聯小時達,全聯PX Mart | 家樂福線上商城 | 美廉社,瓶,RESEARCHABLE-CURRENT-ONLY,0,2,0,A | B,UNRESOLVED,UNREVIEWED,,0,2,MIGRATED — see Evidence
LEG-EC-314,EC-314,"TPI-131, TPI-132, TPI-133",3,食,超市／自煮基礎食品,超市／自煮食材,調味,固定SKU／標準規格,台糖貳號砂糖 1kg,全聯PX Mart一般售價；促銷另記,全聯PX Mart | 家樂福線上商城 | 美廉社,包,RESEARCHABLE-CURRENT-ONLY,0,2,0,A | B,UNRESOLVED,UNREVIEWED,,0,2,MIGRATED — see Evidence
LEG-EC-315,EC-315,"TPI-134, TPI-135, TPI-136",3,食,超市／自煮基礎食品,超市／自煮食材,調味,固定SKU／標準規格 | 台鹽,台鹽高級碘鹽 1kg,1kg；全聯小時達,全聯PX Mart | 家樂福線上商城 | 美廉社,包,RESEARCHABLE-CURRENT-ONLY,0,2,0,A | B,UNRESOLVED,UNREVIEWED,,0,2,MIGRATED — see Evidence
LEG-EC-316,EC-316,"TPI-158, TPI-159, TPI-160",3,食,包裝食品／飲料,超市／自煮食材,罐頭,固定SKU／標準規格 | 同榮,同榮番茄汁鯖魚 230g,全聯PX Mart一般售價；促銷另記,全聯PX Mart | 家樂福線上商城 | 美廉社,罐,RESEARCHABLE-IDENTITY-ONLY,0,0,0,B,UNRESOLVED,UNREVIEWED,,0,0,MIGRATED — see Evidence
LEG-EC-317,EC-317,"TPI-128, TPI-129, TPI-130",3,食,包裝食品／飲料,超市／自煮食材,泡麵,固定SKU／標準規格,味味A排骨雞湯麵 90g×5入,90g×5；全聯小時達,全聯PX Mart | 家樂福線上商城 | 美廉社,組,RESEARCHABLE-CURRENT-ONLY,0,2,0,A | B,UNRESOLVED,UNREVIEWED,,0,2,MIGRATED — see Evidence
LEG-EC-318,EC-318,"TPI-200, TPI-201, TPI-202",3,食,超市／自煮基礎食品,超市／自煮食材,醬料,固定SKU／標準規格,味好美白胡椒粉 30g,全聯PX Mart一般售價；促銷另記,全聯PX Mart | 家樂福線上商城 | 美廉社,瓶,RESEARCHABLE-CURRENT-ONLY,0,2,0,A | B,UNRESOLVED,UNREVIEWED,,0,2,MIGRATED — see Evidence
LEG-EC-319,EC-319,"TPI-230, TPI-231, TPI-232",3,食,超市／自煮基礎食品,超市／自煮食材,生鮮標準,固定SKU／標準規格,國產馬鈴薯 450g,450g；全聯小時達；跨年以每kg標準化,全聯PX Mart | 家樂福線上商城 | 美廉社,包 | kg,RESEARCHABLE-CURRENT-ONLY,0,2,0,B,UNRESOLVED,UNREVIEWED,,0,2,MIGRATED — see Evidence
LEG-EC-320,EC-320,"TPI-161, TPI-162, TPI-163",3,食,包裝食品／飲料,超市／自煮食材,飲料,固定SKU／標準規格 | Coca-Cola 可口可樂,太古可口可樂（曲線瓶）600ml,全聯PX Mart一般售價；促銷另記,全聯PX Mart | 家樂福線上商城 | 美廉社,瓶,RESEARCHABLE-CURRENT-ONLY,0,2,0,A | B,UNRESOLVED,UNREVIEWED,,0,2,MIGRATED — see Evidence
LEG-EC-321,EC-321,"TPI-191, TPI-192, TPI-193",3,食,超市／自煮基礎食品,超市／自煮食材,乳品,固定SKU／標準規格,安佳切片起司 250g,全聯PX Mart一般售價；促銷另記,全聯PX Mart | 家樂福線上商城 | 美廉社,包,RESEARCHABLE-CURRENT-ONLY,0,2,0,B,UNRESOLVED,UNREVIEWED,,0,2,MIGRATED — see Evidence
LEG-EC-322,EC-322,"TPI-194, TPI-195, TPI-196",3,食,超市／自煮基礎食品,超市／自煮食材,乳品,固定SKU／標準規格,安佳無鹽奶油 227g,全聯PX Mart一般售價；促銷另記,全聯PX Mart | 家樂福線上商城 | 美廉社,盒,RESEARCHABLE-CURRENT-ONLY,0,2,0,B,UNRESOLVED,UNREVIEWED,,0,2,MIGRATED — see Evidence
LEG-EC-323,EC-323,"TPI-209, TPI-210, TPI-211",3,食,超市／自煮基礎食品,超市／自煮食材,早餐,固定SKU／標準規格 | Kellogg's 家樂氏,家樂氏玉米片 275g,全聯PX Mart一般售價；促銷另記,全聯PX Mart | 家樂福線上商城 | 美廉社,盒,RESEARCHABLE-CURRENT-ONLY,0,2,0,B,UNRESOLVED,UNREVIEWED,,0,2,MIGRATED — see Evidence
LEG-EC-324,EC-324,"TPI-146, TPI-147, TPI-148",3,食,超市／自煮基礎食品,超市／自煮食材,食用油,固定SKU／標準規格,得意的一天 葵花油 2L,全聯PX Mart一般售價；促銷另記,全聯PX Mart | 家樂福線上商城 | 美廉社,瓶,RESEARCHABLE-CURRENT-ONLY,0,2,0,A | B,UNRESOLVED,UNREVIEWED,,0,2,MIGRATED — see Evidence
LEG-EC-325,EC-325,"TPI-152, TPI-153, TPI-154",3,食,包裝食品／飲料,超市／自煮食材,罐頭,固定SKU／標準規格,愛之味土豆麵筋 170g,全聯PX Mart一般售價；促銷另記,全聯PX Mart | 家樂福線上商城 | 美廉社,罐,RESEARCHABLE-CURRENT-ONLY,0,2,0,A | B,UNRESOLVED,UNREVIEWED,,0,2,MIGRATED — see Evidence
LEG-EC-326,EC-326,"TPI-155, TPI-156, TPI-157",3,食,包裝食品／飲料,超市／自煮食材,罐頭,固定SKU／標準規格,新東陽辣味肉醬 160g,全聯PX Mart一般售價；促銷另記,全聯PX Mart | 家樂福線上商城 | 美廉社,罐,RESEARCHABLE-CURRENT-ONLY,0,2,0,A | B,UNRESOLVED,UNREVIEWED,,0,2,MIGRATED — see Evidence
LEG-EC-327,EC-327,"TPI-179, TPI-180, TPI-181",3,食,包裝食品／飲料,超市／自煮食材,冷凍,固定SKU／標準規格 | 桂冠,桂冠湯圓-芝麻 200g（10粒裝）,全聯PX Mart一般售價；促銷另記,全聯PX Mart | 家樂福線上商城 | 美廉社,盒,RESEARCHABLE-CURRENT-ONLY,0,2,0,A | B,UNRESOLVED,UNREVIEWED,,0,2,MIGRATED — see Evidence
LEG-EC-328,EC-328,"TPI-119, TPI-120, TPI-121",3,食,包裝食品／飲料,超市／自煮食材,穀物,固定SKU／標準規格,桂格即沖即食大燕麥片 800g,全聯PX Mart一般售價；促銷另記,全聯PX Mart | 家樂福線上商城 | 美廉社,包,PREQUALIFIED-EXACT2020,1,2,0,B,UNRESOLVED,LEGACY-KEEP-CANDIDATE,Grandfathered: retain existing valid evidence; final basket still unsealed.,1,2,MIGRATED — see Evidence
LEG-EC-329,EC-329,"TPI-173, TPI-174, TPI-175",3,食,甜點／零食,超市／自煮食材,零食,固定SKU／標準規格,樂事洋芋片－美國經典原味（常態袋裝）,2026現行59.5g；歷史若為72g須unit-price normalization,全聯PX Mart | 家樂福線上商城 | 美廉社,包,RESEARCHABLE-CURRENT-ONLY,0,2,0,B,UNRESOLVED,UNREVIEWED,,0,2,MIGRATED — see Evidence
LEG-EC-330,EC-330,"TPI-149, TPI-150, TPI-151",3,食,超市／自煮基礎食品,超市／自煮食材,食用油,固定SKU／標準規格 | 泰山,泰山玄米油 1.5L,全聯PX Mart一般售價；促銷另記,全聯PX Mart | 家樂福線上商城 | 美廉社,瓶,RESEARCHABLE-CURRENT-ONLY,0,2,0,B,UNRESOLVED,UNREVIEWED,,0,2,MIGRATED — see Evidence
LEG-EC-331,EC-331,"TPI-143, TPI-144, TPI-145",3,食,超市／自煮基礎食品,超市／自煮食材,調味,固定SKU／標準規格,淬釀醬油露 1L,全聯PX Mart一般售價；促銷另記,全聯PX Mart | 家樂福線上商城 | 美廉社,瓶,RESEARCHABLE-CURRENT-ONLY,0,2,0,B,UNRESOLVED,UNREVIEWED,,0,2,MIGRATED — see Evidence
LEG-EC-332,EC-332,"TPI-248, TPI-249, TPI-250",3,食,超市／自煮基礎食品,超市／自煮食材,生鮮標準,固定SKU／標準規格,牛心蕃茄 2入／約300g,約300g；全聯小時達；跨年每100g標準化,全聯PX Mart | 家樂福線上商城 | 美廉社,盒,RESEARCHABLE-CURRENT-ONLY,0,2,0,B,UNRESOLVED,UNREVIEWED,,0,2,MIGRATED — see Evidence
LEG-EC-333,EC-333,"TPI-224, TPI-225, TPI-226",3,食,超市／自煮基礎食品,超市／自煮食材,生鮮標準,固定SKU／標準規格,甘藍（高麗菜）約1000g,約1000g；全聯小時達,全聯PX Mart | 家樂福線上商城 | 美廉社,kg,RESEARCHABLE-CURRENT-ONLY,0,2,0,A | B,UNRESOLVED,UNREVIEWED,,0,2,MIGRATED — see Evidence
LEG-EC-334,EC-334,"TPI-185, TPI-186, TPI-187",3,食,超市／自煮基礎食品,超市／自煮食材,蛋品,固定SKU／標準規格,石安牧場動福蛋 10入,全聯PX Mart一般售價；促銷另記,全聯PX Mart | 家樂福線上商城 | 美廉社,盒,RESEARCHABLE-IDENTITY-ONLY,0,0,0,,UNRESOLVED,UNREVIEWED,,0,0,MIGRATED — see Evidence
LEG-EC-335,EC-335,"TPI-215, TPI-216, TPI-217",3,食,包裝食品／飲料,超市／自煮食材,沖泡,固定SKU／標準規格,立頓奶茶粉 400g,全聯PX Mart一般售價；促銷另記,全聯PX Mart | 家樂福線上商城 | 美廉社,包,RESEARCHABLE-CURRENT-ONLY,0,2,0,B,UNRESOLVED,UNREVIEWED,,0,2,MIGRATED — see Evidence
LEG-EC-336,EC-336,"TPI-113, TPI-114, TPI-115",3,食,超市／自煮基礎食品,超市／自煮食材,乳品,固定SKU／標準規格,統一瑞穗全脂鮮乳 930ml,全聯PX Mart一般售價；促銷另記,全聯PX Mart | 家樂福線上商城 | 美廉社,瓶,RESEARCHABLE-CURRENT-ONLY,0,2,0,A | B,UNRESOLVED,UNREVIEWED,,0,2,MIGRATED — see Evidence
LEG-EC-337,EC-337,"TPI-122, TPI-123, TPI-124",3,食,包裝食品／飲料,超市／自煮食材,泡麵,固定SKU／標準規格,統一肉燥風味大號 75g×5入,75g×5；現行包裝；全聯小時達,全聯PX Mart | 家樂福線上商城 | 美廉社,組,RESEARCHABLE-CURRENT-ONLY,0,2,0,B,UNRESOLVED,UNREVIEWED,,0,2,MIGRATED — see Evidence
LEG-EC-338,EC-338,"TPI-125, TPI-126, TPI-127",3,食,包裝食品／飲料,超市／自煮食材,泡麵,固定SKU／標準規格,維力炸醬麵 5入,全聯PX Mart一般售價；促銷另記,全聯PX Mart | 家樂福線上商城 | 美廉社,組,PREQUALIFIED-EXACT2020,1,2,0,A | B,UNRESOLVED,LEGACY-KEEP-CANDIDATE,Grandfathered: retain existing valid evidence; final basket still unsealed.,1,2,MIGRATED — see Evidence
LEG-EC-339,EC-339,"TPI-242, TPI-243, TPI-244",3,食,超市／自煮基礎食品,超市／自煮食材,生鮮標準,固定SKU／標準規格 | 義美,義美傳統料理板豆腐（非基因改造黃豆）300g,300g；全聯小時達,全聯PX Mart | 家樂福線上商城 | 美廉社,盒,RESEARCHABLE-CURRENT-ONLY,0,2,0,A | B,UNRESOLVED,UNREVIEWED,,0,2,MIGRATED — see Evidence
LEG-EC-340,EC-340,"TPI-107, TPI-108, TPI-109",3,食,超市／自煮基礎食品,超市／自煮食材,乳品,固定SKU／標準規格,義美全脂鮮乳 936ml,全聯PX Mart一般售價；促銷另記,全聯PX Mart | 家樂福線上商城 | 美廉社,瓶,RESEARCHABLE-CURRENT-ONLY,0,2,0,B,UNRESOLVED,UNREVIEWED,,0,2,MIGRATED — see Evidence
LEG-EC-341,EC-341,"TPI-182, TPI-183, TPI-184",3,食,包裝食品／飲料,超市／自煮食材,冷凍,固定SKU／標準規格,義美台灣素蘿蔔糕 600g,600g；全聯小時達,全聯PX Mart | 家樂福線上商城 | 美廉社,包,RESEARCHABLE-CURRENT-ONLY,0,2,0,A | B,UNRESOLVED,UNREVIEWED,,0,2,MIGRATED — see Evidence
LEG-EC-342,EC-342,"TPI-167, TPI-168, TPI-169",3,食,甜點／零食,超市／自煮食材,零食,固定SKU／標準規格,義美小泡芙－巧克力 65g,65g；現行規格；全聯小時達,全聯PX Mart | 家樂福線上商城 | 美廉社,包,RESEARCHABLE-CURRENT-ONLY,0,2,0,B,UNRESOLVED,UNREVIEWED,,0,2,MIGRATED — see Evidence
LEG-EC-343,EC-343,"TPI-176, TPI-177, TPI-178",3,食,包裝食品／飲料,超市／自煮食材,冷凍,固定SKU／標準規格 | 義美,義美水餃-豬肉高麗菜 1050g,全聯PX Mart一般售價；促銷另記,全聯PX Mart | 家樂福線上商城 | 美廉社,包,RESEARCHABLE-CURRENT-ONLY,0,2,0,A | B,UNRESOLVED,UNREVIEWED,,0,2,MIGRATED — see Evidence
LEG-EC-344,EC-344,"TPI-116, TPI-117, TPI-118",3,食,包裝食品／飲料,超市／自煮食材,豆飲,固定SKU／標準規格,義美無加糖厚的豆奶 936ml,全聯PX Mart一般售價；促銷另記,全聯PX Mart | 家樂福線上商城 | 美廉社,瓶,RESEARCHABLE-CURRENT-ONLY,0,2,0,A | B,UNRESOLVED,UNREVIEWED,,0,2,MIGRATED — see Evidence
LEG-EC-345,EC-345,"TPI-206, TPI-207, TPI-208",3,食,超市／自煮基礎食品,超市／自煮食材,麵粉,固定SKU／標準規格,聯華水手牌高筋麵粉 1kg,全聯PX Mart一般售價；促銷另記,全聯PX Mart | 家樂福線上商城 | 美廉社,包,RESEARCHABLE-CURRENT-ONLY,0,2,0,B,UNRESOLVED,UNREVIEWED,,0,2,MIGRATED — see Evidence
LEG-EC-346,EC-346,"TPI-137, TPI-138, TPI-139",3,食,超市／自煮基礎食品,超市／自煮食材,調味,固定SKU／標準規格,萬家香純佳釀醬油 1L,全聯PX Mart一般售價；促銷另記,全聯PX Mart | 家樂福線上商城 | 美廉社,瓶,RESEARCHABLE-CURRENT-ONLY,0,2,0,B,UNRESOLVED,UNREVIEWED,,0,2,MIGRATED — see Evidence
LEG-EC-347,EC-347,"TPI-233, TPI-234, TPI-235",3,食,超市／自煮基礎食品,超市／自煮食材,生鮮標準,固定SKU／標準規格,豬里肌炒肉片 約180g,約180g；重量商品；跨年每100g標準化,全聯PX Mart | 家樂福線上商城 | 美廉社,盒,RESEARCHABLE-CURRENT-ONLY,0,2,0,B,UNRESOLVED,UNREVIEWED,,0,2,MIGRATED — see Evidence
LEG-EC-348,EC-348,"TPI-227, TPI-228, TPI-229",3,食,超市／自煮基礎食品,超市／自煮食材,生鮮標準,固定SKU／標準規格,進口洋蔥 450g,450g；全聯小時達；跨年以每kg標準化,全聯PX Mart | 家樂福線上商城 | 美廉社,包 | kg,RESEARCHABLE-CURRENT-ONLY,0,2,0,B,UNRESOLVED,UNREVIEWED,,0,2,MIGRATED — see Evidence
LEG-EC-349,EC-349,"TPI-140, TPI-141, TPI-142",3,食,超市／自煮基礎食品,超市／自煮食材,調味,固定SKU／標準規格,金蘭特級醬油 1000ml,1000ml；全聯小時達；核心採單件價,全聯PX Mart | 家樂福線上商城 | 美廉社,瓶,RESEARCHABLE-CURRENT-ONLY,0,2,0,A | B,UNRESOLVED,UNREVIEWED,,0,2,MIGRATED — see Evidence
LEG-EC-350,EC-350,"TPI-212, TPI-213, TPI-214",3,食,包裝食品／飲料,超市／自煮食材,沖泡,固定SKU／標準規格 | Nestlé 雀巢,雀巢美祿 500g,原固定500g；現行450g；PACKAGE-CHANGE；全聯一般售價,全聯PX Mart | 家樂福線上商城 | 美廉社,包,RESEARCHABLE-CURRENT-ONLY,0,2,0,B,UNRESOLVED,UNREVIEWED,,0,2,MIGRATED — see Evidence
LEG-EC-351,EC-351,"TPI-245, TPI-246, TPI-247",3,食,超市／自煮基礎食品,超市／自煮食材,生鮮標準,固定SKU／標準規格,青江白菜 250g,250g；全聯小時達,全聯PX Mart | 家樂福線上商城 | 美廉社,包,RESEARCHABLE-CURRENT-ONLY,0,2,0,A | B,UNRESOLVED,UNREVIEWED,,0,2,MIGRATED — see Evidence
LEG-EC-352,EC-352,"TPI-221, TPI-222, TPI-223",3,食,超市／自煮基礎食品,超市／自煮食材,生鮮標準,固定SKU／標準規格,香蕉（產銷履歷）1kg,1000g；全聯小時達,全聯PX Mart | 家樂福線上商城 | 美廉社,kg,RESEARCHABLE-CURRENT-ONLY,0,2,0,A | B,UNRESOLVED,UNREVIEWED,,0,2,MIGRATED — see Evidence
LEG-EC-353,EC-353,"TPI-239, TPI-240, TPI-241",3,食,超市／自煮基礎食品,超市／自煮食材,生鮮標準,固定SKU／標準規格,鮮凍大白蝦（30/40）250g,250g；全聯小時達；跨年每100g標準化,全聯PX Mart | 家樂福線上商城 | 美廉社,盒,RESEARCHABLE-CURRENT-ONLY,0,2,0,B,UNRESOLVED,UNREVIEWED,,0,2,MIGRATED — see Evidence
LEG-EC-354,EC-354,"TPI-236, TPI-237, TPI-238",3,食,超市／自煮基礎食品,超市／自煮食材,生鮮標準,固定SKU／標準規格,鮮嫩雞胸 300g,300g；全聯小時達；跨年每100g標準化,全聯PX Mart | 家樂福線上商城 | 美廉社,盒,RESEARCHABLE-CURRENT-ONLY,0,2,0,B,UNRESOLVED,UNREVIEWED,,0,2,MIGRATED — see Evidence
LEG-EC-355,EC-355,"TPI-164, TPI-165, TPI-166",3,食,包裝食品／飲料,超市／自煮食材,飲料,固定SKU／標準規格 | 黑松,黑松沙士 600ml,全聯PX Mart一般售價；促銷另記,全聯PX Mart | 家樂福線上商城 | 美廉社,瓶,RESEARCHABLE-CURRENT-ONLY,0,2,0,A | B,UNRESOLVED,UNREVIEWED,,0,2,MIGRATED — see Evidence
LEG-EC-356,EC-356,TPI-078,1,樂,電影,電影／娛樂,電影票,MUVIE CINEMAS,TITAN優待票,台北松仁A13,台北松仁,元,PREQUALIFIED-EXACT2020,1,1,0,A,UNRESOLVED,LEGACY-KEEP-CANDIDATE,Grandfathered: retain existing valid evidence; final basket still unsealed.,1,1,MIGRATED — see Evidence
LEG-EC-357,EC-357,TPI-077,1,樂,電影,電影／娛樂,電影票,MUVIE CINEMAS,TITAN全票,台北松仁A13,台北松仁,元,PREQUALIFIED-EXACT2020,1,1,0,A,UNRESOLVED,LEGACY-KEEP-CANDIDATE,Grandfathered: retain existing valid evidence; final basket still unsealed.,1,1,MIGRATED — see Evidence
LEG-EC-358,EC-358,TPI-070,1,樂,電影,電影／娛樂,電影票,MUVIE CINEMAS,一般2D優待票,台北松仁A13,台北松仁,元,PREQUALIFIED-EXACT2020,1,1,0,A,UNRESOLVED,LEGACY-KEEP-CANDIDATE,Grandfathered: retain existing valid evidence; final basket still unsealed.,1,1,MIGRATED — see Evidence
LEG-EC-359,EC-359,TPI-069,1,樂,電影,電影／娛樂,電影票,MUVIE CINEMAS,一般2D全票,台北松仁A13,台北松仁,元,PREQUALIFIED-EXACT2020,1,1,0,A,UNRESOLVED,LEGACY-KEEP-CANDIDATE,Grandfathered: retain existing valid evidence; final basket still unsealed.,1,1,MIGRATED — see Evidence
LEG-EC-360,EC-360,TPI-071,1,樂,電影,電影／娛樂,電影票,MUVIE CINEMAS,一般2D愛心票,台北松仁A13,台北松仁,元,PREQUALIFIED-EXACT2020,1,1,0,A,UNRESOLVED,LEGACY-KEEP-CANDIDATE,Grandfathered: retain existing valid evidence; final basket still unsealed.,1,1,MIGRATED — see Evidence
LEG-EC-361,EC-361,TPI-072,1,樂,電影,電影／娛樂,電影票,MUVIE CINEMAS,一般2D敬老票,台北松仁A13,台北松仁,元,PREQUALIFIED-EXACT2020,1,1,0,A,UNRESOLVED,LEGACY-KEEP-CANDIDATE,Grandfathered: retain existing valid evidence; final basket still unsealed.,1,1,MIGRATED — see Evidence
LEG-EC-362,EC-362,TPI-073,1,樂,電影,電影／娛樂,電影票,MUVIE CINEMAS,一般2D早場,台北松仁A13,台北松仁,元,PREQUALIFIED-EXACT2020,1,1,0,A,UNRESOLVED,LEGACY-KEEP-CANDIDATE,Grandfathered: retain existing valid evidence; final basket still unsealed.,1,1,MIGRATED — see Evidence
LEG-EC-363,EC-363,TPI-074,1,樂,電影,電影／娛樂,電影票,MUVIE CINEMAS,數位3D全票,台北松仁A13,台北松仁,元,PREQUALIFIED-EXACT2020,1,1,0,A,UNRESOLVED,LEGACY-KEEP-CANDIDATE,Grandfathered: retain existing valid evidence; final basket still unsealed.,1,1,MIGRATED — see Evidence
LEG-EC-364,EC-364,TPI-075,1,樂,電影,電影／娛樂,電影票,MUVIE CINEMAS,數位3D愛心票,台北松仁A13,台北松仁,元,PREQUALIFIED-EXACT2020,1,1,0,A,UNRESOLVED,LEGACY-KEEP-CANDIDATE,Grandfathered: retain existing valid evidence; final basket still unsealed.,1,1,MIGRATED — see Evidence
LEG-EC-365,EC-365,TPI-076,1,樂,電影,電影／娛樂,電影票,MUVIE CINEMAS,數位3D早場,台北松仁A13,台北松仁,元,PREQUALIFIED-EXACT2020,1,1,0,A,UNRESOLVED,LEGACY-KEEP-CANDIDATE,Grandfathered: retain existing valid evidence; final basket still unsealed.,1,1,MIGRATED — see Evidence
NEW-PET-BC34,,,1,日常／個人,寵物,,,Royal Canin 法國皇家,BC34 離乳幼母貓 2kg,2kg；同產品代碼 BC34,台灣一般零售,2kg,PREQUALIFIED-EXACT2020,1,1,0,A,UNRESOLVED,UNREVIEWED,New exact candidate from shortfall-driven search; not selected into Basket_600.,1,1,NEW SEARCH — see Evidence
NEW-PET-IN27,,,1,日常／個人,寵物,,,Royal Canin 法國皇家,IN27 室內成貓 2kg,2kg；同產品代碼 IN27,台灣一般零售,2kg,PREQUALIFIED-EXACT2020,1,1,0,A,UNRESOLVED,UNREVIEWED,New exact candidate from shortfall-driven search; not selected into Basket_600.,1,1,NEW SEARCH — see Evidence
NEW-PET-S33,,,1,日常／個人,寵物,,,Royal Canin 法國皇家,S33 腸胃敏感成貓 2kg,2kg；同產品代碼 S33,台灣一般零售,2kg,PREQUALIFIED-EXACT2020,1,1,0,A,UNRESOLVED,UNREVIEWED,New exact candidate from shortfall-driven search; not selected into Basket_600.,1,1,NEW SEARCH — see Evidence
NEW-PET-S37,,,1,日常／個人,寵物,,,Royal Canin 法國皇家,S37 絕育成貓 2kg,2kg；同產品代碼 S37,台灣一般零售,2kg,PREQUALIFIED-EXACT2020,1,1,0,A,UNRESOLVED,UNREVIEWED,New exact candidate from shortfall-driven search; not selected into Basket_600.,1,1,NEW SEARCH — see Evidence
NEW-HOME-KALLAX-20351884,,,1,住／家用,家居／收納／小家具,,,IKEA,KALLAX 層架組 白色 77×147cm,產品編號 203.518.84；白色；77×147cm,IKEA Taiwan,件,PREQUALIFIED-EXACT2020,1,1,0,A,IKEA,UNREVIEWED,New exact candidate from shortfall-driven search; same product ID across years; not selected into Basket_600.,1,1,NEW SEARCH — see Evidence
NEW-HOME-MALM-20354646,,,1,住／家用,家居／收納／小家具,,,IKEA,MALM 抽屜櫃/4抽 白色 80×100cm,產品編號 203.546.46；白色；80×100cm,IKEA Taiwan,件,PREQUALIFIED-EXACT2020,1,1,0,A,IKEA,UNREVIEWED,New exact candidate from shortfall-driven search; same product ID across years; not selected into Basket_600.,1,1,NEW SEARCH — see Evidence
NEW-FOOD-IKEA-SJORAPPORT-60360037,,,1,食,超市／自煮基礎食品,,,IKEA,SJÖRAPPORT 鮭魚菲力 ASC/冷凍 500g,產品編號 603.600.37；500g；冷凍鮭魚菲力,IKEA Taiwan,500g,PREQUALIFIED-EXACT2020,1,1,0,A,IKEA,UNREVIEWED,Batch 2 exact candidate; exact IKEA article number across 2020/2026; Basket still unsealed.,1,1,NEW SEARCH — see Evidence
NEW-EDU-BOOK-OKR-BCB660,,,1,育,書籍,,,天下文化,OKR：做最重要的事,書號 BCB660；約翰．杜爾／許瑞宋；原出版版本,天下文化官方,本,PREQUALIFIED-EXACT2020,1,1,0,A,遠見天下文化,UNREVIEWED,Batch 2 exact candidate; 2020 official article and current official book page show same title/edition/list price.,1,1,NEW SEARCH — see Evidence
NEW-EDU-BOOK-HAWKING-BCS188,,,1,育,書籍,,,天下文化,霍金大見解,書號 BCS188；ISBN 9789864796359；史蒂芬．霍金／蔡坤憲,天下文化官方,本,PREQUALIFIED-EXACT2020,1,1,0,A,遠見天下文化,UNREVIEWED,Batch 2 exact candidate; 2020 official article and current official book page identify the same edition.,1,1,NEW SEARCH — see Evidence
NEW-EDU-BOOK-TEEN-BEP045,,,1,育,書籍,,,天下文化,家有青少年之父母生存手冊,書號 BEP045；彭菊仙；2019/01/30 原出版版本,天下文化官方,本,PREQUALIFIED-EXACT2020,1,1,0,A,遠見天下文化,UNREVIEWED,Batch 2 exact candidate; dated 2020 official article shows the same book and list price; current page unchanged.,1,1,NEW SEARCH — see Evidence
NEW-EDU-BOOK-LEADING-BCB653,,,1,育,書籍,,,天下文化,這一生，你想留下什麼？,書號 BCB653；約翰．漢尼斯／廖月娟；2018/11/30 原出版版本,天下文化官方,本,PREQUALIFIED-EXACT2020,1,1,0,A,遠見天下文化,UNREVIEWED,Batch 2 exact candidate; dated 2020 official article shows same edition/list price; current page unchanged.,1,1,NEW SEARCH — see Evidence
NEW-EDU-BOOK-ZEROERROR-BCB677,,,1,育,書籍,,,天下文化,零錯誤,書號 BCB677；邱強；2019/10/28 原出版版本,天下文化官方,本,PREQUALIFIED-EXACT2020,1,1,0,A,遠見天下文化,UNREVIEWED,Batch 2 exact candidate; 2020 official article shows same edition/list price; current official page unchanged.,1,1,NEW SEARCH — see Evidence
NEW-EDU-BOOK-PLAGUES-BCSA09A,,,1,育,書籍,,,天下文化,瘟疫與人,書號 BCSA09A；麥克尼爾／楊玉齡／陳建仁；2020/02/19 版本,天下文化官方,本,PREQUALIFIED-EXACT2020,1,1,0,A,遠見天下文化,UNREVIEWED,Batch 2 exact candidate; 2020 publication/article evidence and current official page show same edition/list price.,1,1,NEW SEARCH — see Evidence
NEW-EDU-JLPT-N1,,,1,育,技能／證照,,,JLPT 台灣,日本語能力試驗 N1 一般報名費,台灣考區；N1；一般考生；標準報名費,JLPT 台灣考區,次,PREQUALIFIED-EXACT2020,1,1,0,A,JLPT/LTTC,UNREVIEWED,Batch 3 exact candidate; fee tier represented by N1. Basket still unsealed.,1,1,NEW SEARCH — see Evidence
NEW-EDU-JLPT-N4,,,1,育,技能／證照,,,JLPT 台灣,日本語能力試驗 N4 一般報名費,台灣考區；N4；一般考生；標準報名費,JLPT 台灣考區,次,PREQUALIFIED-EXACT2020,1,1,0,A,JLPT/LTTC,UNREVIEWED,Batch 3 exact candidate; lower fee tier represented by N4. Basket still unsealed.,1,1,NEW SEARCH — see Evidence
NEW-EDU-TOEIC-LR,,,1,育,技能／證照,,,TOEIC 台灣,TOEIC Listening & Reading 一般報名費,台灣公開測驗；一般考生；非優惠／非校園團考,TOEIC 台灣,次,PREQUALIFIED-EXACT2020,1,1,0,A,忠欣/ETS Taiwan,UNREVIEWED,Batch 3 exact candidate; 2020 official campaign explicitly states normal original fee. Basket still unsealed.,1,1,NEW SEARCH — see Evidence
NEW-EDU-TOEIC-BRIDGE-SPEAK,,,1,育,技能／證照,,,TOEIC Bridge 台灣,TOEIC Bridge Speaking 一般報名費,台灣公開測驗；一般考生；口說測驗,TOEIC Bridge 台灣,次,PREQUALIFIED-EXACT2020,1,1,0,A,忠欣/ETS Taiwan,UNREVIEWED,Batch 3 exact candidate; 2020 official campaign states test value/normal fee. Basket still unsealed.,1,1,NEW SEARCH — see Evidence
NEW-EDU-TOEIC-BRIDGE-LR,,,1,育,技能／證照,,,TOEIC Bridge 台灣,TOEIC Bridge Listening & Reading 一般報名費,台灣公開測驗；一般考生；聽力與閱讀,TOEIC Bridge 台灣,次,PREQUALIFIED-EXACT2020,1,1,0,A,忠欣/ETS Taiwan,UNREVIEWED,Batch 3 exact candidate; 2020 private-school announcement corroborates ordinary fee. Basket still unsealed.,1,1,NEW SEARCH — see Evidence
NEW-MOB-THSR-TPE-TXG,,,1,行,民營交通服務,,,台灣高鐵,台北→台中 標準車廂對號座全票,台北站→台中站；標準車廂；對號座；普通全票,台灣高鐵,單程,PREQUALIFIED-EXACT2020,1,1,0,A,台灣高鐵,UNREVIEWED,Recovered Batch 5 exact candidate; same operator/OD/fare type/seat class across 2020 and 2026; Basket remains unsealed.,1,1,NEW SEARCH — see Evidence
NEW-MOB-THSR-TPE-TNN,,,1,行,民營交通服務,,,台灣高鐵,台北→台南 標準車廂對號座全票,台北站→台南站；標準車廂；對號座；普通全票,台灣高鐵,單程,PREQUALIFIED-EXACT2020,1,1,0,A,台灣高鐵,UNREVIEWED,Recovered Batch 5 exact candidate; same operator/OD/fare type/seat class across 2020 and 2026; Basket remains unsealed.,1,1,NEW SEARCH — see Evidence
NEW-MOB-THSR-TPE-ZUY,,,1,行,民營交通服務,,,台灣高鐵,台北→左營 標準車廂對號座全票,台北站→左營站；標準車廂；對號座；普通全票,台灣高鐵,單程,PREQUALIFIED-EXACT2020,1,1,0,A,台灣高鐵,UNREVIEWED,Recovered Batch 5 exact candidate; same operator/OD/fare type/seat class across 2020 and 2026; Basket remains unsealed.,1,1,NEW SEARCH — see Evidence
NEW-MOB-THSR-NAG-TNN,,,1,行,民營交通服務,,,台灣高鐵,南港→台南 標準車廂對號座全票,南港站→台南站；標準車廂；對號座；普通全票,台灣高鐵,單程,PREQUALIFIED-EXACT2020,1,1,0,A,台灣高鐵,UNREVIEWED,Recovered Batch 5 exact candidate; same operator/OD/fare type/seat class across 2020 and 2026; Basket remains unsealed.,1,1,NEW SEARCH — see Evidence
NEW-MOB-THSR-NAG-ZUY,,,1,行,民營交通服務,,,台灣高鐵,南港→左營 標準車廂對號座全票,南港站→左營站；標準車廂；對號座；普通全票,台灣高鐵,單程,PREQUALIFIED-EXACT2020,1,1,0,A,台灣高鐵,UNREVIEWED,Recovered Batch 5 exact candidate; same operator/OD/fare type/seat class across 2020 and 2026; Basket remains unsealed.,1,1,NEW SEARCH — see Evidence
NEW-EDU-BOOK-SOCIOLOGY-PROD000011930,,,1,育,書籍,,,商業周刊,社會學的想像,PROD000011930；商業周刊；2020/08/04原出版版本,商周store,本,PREQUALIFIED-EXACT2020,1,1,0,A,商周集團,UNREVIEWED,Batch 6 exact candidate; publisher/store page identifies the same 2020 edition and normal list price; promotional selling price excluded.,1,1,NEW SEARCH — see Evidence
NEW-EDU-BOOK-STRATEGY-PROD000011617,,,1,育,書籍,,,商業周刊,戰略大歷史,PROD000011617；商業周刊；2020/04/30原出版版本,商周store,本,PREQUALIFIED-EXACT2020,1,1,0,A,商周集團,UNREVIEWED,Batch 6 exact candidate; publisher/store page identifies the same 2020 edition and normal list price; promotional selling price excluded.,1,1,NEW SEARCH — see Evidence
NEW-EDU-BOOK-OBAMA-PROD000012391,,,1,育,書籍,,,商業周刊,應許之地：歐巴馬回憶錄,PROD000012391；商業周刊；2020/11/19原出版版本,商周store,本,PREQUALIFIED-EXACT2020,1,1,0,A,商周集團,UNREVIEWED,Batch 6 exact candidate; publisher/store page identifies the same 2020 edition and normal list price; promotional selling price excluded.,1,1,NEW SEARCH — see Evidence
NEW-EDU-BOOK-FINANCE-PROD000011929,,,1,育,書籍,,,商業周刊,大會計師教你從財報數字看懂產業本質,PROD000011929；商業周刊；2020/08/05原出版版本,商周store,本,PREQUALIFIED-EXACT2020,1,1,0,A,商周集團,UNREVIEWED,Batch 6 exact candidate; publisher/store page identifies the same 2020 edition and normal list price; promotional selling price excluded.,1,1,NEW SEARCH — see Evidence
NEW-EDU-BOOK-NUMBERPHOBIC-PROD000011852,,,1,育,書籍,,,商業周刊,財務報表，中小企業賺錢神器,PROD000011852；商業周刊；2020/07/16原出版版本,商周store,本,PREQUALIFIED-EXACT2020,1,1,0,A,商周集團,UNREVIEWED,Batch 6 exact candidate; publisher/store page identifies the same 2020 edition and normal list price; promotional selling price excluded.,1,1,NEW SEARCH — see Evidence
NEW-EDU-GEPT-ELEMENTARY-LR,,,1,育,技能／證照,,,GEPT 全民英檢,全民英檢 GEPT 初級聽讀一般報名費,初級；聽讀；一般公開測驗,台灣公開測驗,次,PREQUALIFIED-EXACT2020,1,1,0,A,LTTC,UNREVIEWED,Batch 6 exact candidate; 2020 fee from dated GEPT schedule document and 2026 fee from current official schedule.,1,1,NEW SEARCH — see Evidence
NEW-EDU-GEPT-INTERMEDIATE-LR,,,1,育,技能／證照,,,GEPT 全民英檢,全民英檢 GEPT 中級聽讀一般報名費,中級；聽讀；一般公開測驗,台灣公開測驗,次,PREQUALIFIED-EXACT2020,1,1,0,A,LTTC,UNREVIEWED,Batch 6 exact candidate; 2020 fee from dated GEPT schedule document and 2026 fee from current official schedule.,1,1,NEW SEARCH — see Evidence
NEW-EDU-GEPT-HIGHINTERMEDIATE-LR,,,1,育,技能／證照,,,GEPT 全民英檢,全民英檢 GEPT 中高級聽讀一般報名費,中高級；聽讀；一般公開測驗,台灣公開測驗,次,PREQUALIFIED-EXACT2020,1,1,0,A,LTTC,UNREVIEWED,Batch 6 exact candidate; 2020 fee from dated GEPT schedule document and 2026 fee from current official schedule.,1,1,NEW SEARCH — see Evidence
NEW-CLOTH-VANS-OLDSKOOL-VN000D3HY28,,,1,衣,鞋,,,VANS,Old Skool 黑白經典休閒鞋 VN000D3HY28,VN000D3HY28／V1C2072990；黑白經典款；一般定價,台灣一般零售,雙,PREQUALIFIED-EXACT2020,1,1,0,A,UNRESOLVED,UNREVIEWED,Batch 6 exact candidate; 2020 normal price and 2026 current list price use the same model number; promotions excluded.,1,1,NEW SEARCH — see Evidence
NEW-CLOTH-NIID-R1,,,1,衣,包袋／配件,,,NIID,R1 極速行動單肩包,R1；一般版；非黑標限定版,NIID Taiwan,件,PREQUALIFIED-EXACT2020,1,1,0,A,NIID,UNREVIEWED,Batch 6 exact candidate; normal/original list price used in both years; discount prices excluded.,1,1,NEW SEARCH — see Evidence
NEW-HOME-SPRING-TISSUE-110X72,,,1,住／家用,紙品,,,春風,春風超細柔抽取式衛生紙 110抽×72包/箱,110抽×72包／箱；一般正常價,台灣一般零售,箱,PREQUALIFIED-EXACT2020,1,1,0,A,UNRESOLVED,UNREVIEWED,Batch 6 exact candidate; 2020 normal price and 2026 市售價 used; promotional prices excluded.,1,1,NEW SEARCH — see Evidence
NEW-HOME-DANDELION-HANDTOWEL-200X20,,,1,住／家用,紙品,,,蒲公英,蒲公英環保擦手紙 200抽×20包/箱,200抽×20包／箱；一般正常價,台灣一般零售,箱,PREQUALIFIED-EXACT2020,1,1,0,A,UNRESOLVED,UNREVIEWED,Batch 6 exact candidate; 2020 normal price and 2026 市售價 used; promotional prices excluded.,1,1,NEW SEARCH — see Evidence
NEW-PERSONAL-3M-FLOSS-1000,,,1,日常／個人,盥洗／衛生用品,,,3M,3M 細滑牙線棒 單支獨立包裝 1000支,1000支；單支獨立包裝；一般定價,台灣一般零售,1000支,PREQUALIFIED-EXACT2020,1,1,0,A,3M,UNREVIEWED,Batch 6 exact candidate; normal/list price used; current promotional price excluded.,1,1,NEW SEARCH — see Evidence
NEW-HOME-SHUTER-FB6432S,,,1,住／家用,家居／收納／小家具,,,SHUTER,FB-6432S CARGO直接拿貨櫃收納箱,FB-6432S；640×320×300mm；一般定價,SHUTER Taiwan,件,PREQUALIFIED-EXACT2020,1,1,0,A,SHUTER,UNREVIEWED,Batch 6 exact candidate; exact model FB-6432S matched across years; promotion excluded.,1,1,NEW SEARCH — see Evidence
NEW-EDU-IKEA-MALA-70193316,,,1,育,文具,,,IKEA,MÅLA 彩色筆 12件裝,產品編號 701.933.16；12件裝,IKEA Taiwan,12件裝,PREQUALIFIED-EXACT2020,1,1,0,A,IKEA,UNREVIEWED,Batch 6 exact candidate; official IKEA 2020 press PDF and current official product page use the same product number.,1,1,NEW SEARCH — see Evidence
NEW-LEISURE-NINE-ADULT,,,1,樂,樂園／休閒,,,九族文化村,成人票（一般入園）,一般成人；個人入園票；非團體／非促銷,九族文化村／台灣,張,PREQUALIFIED-EXACT2020,1,1,0,A,九族文化村,UNREVIEWED,Batch 7 exact candidate; official/private dated evidence links the same normal adult admission class across years; promotions excluded.,1,1,NEW SEARCH — see Evidence
NEW-LEISURE-EDA-ADULT,,,1,樂,樂園／休閒,,,義大遊樂世界,成人全票,19歲(含)以上；現場一般全票；非午後／非優惠票,義大遊樂世界／台灣,張,PREQUALIFIED-EXACT2020,1,1,0,A,義聯集團,UNREVIEWED,Batch 7 exact candidate; dated payment-partner evidence identifies the normal on-site full ticket and current operator page verifies the same ticket class.,1,1,NEW SEARCH — see Evidence
NEW-LEISURE-LEOFOO-ADULT,,,1,樂,樂園／休閒,,,六福村主題遊樂園,成人票（主題遊樂園）,18歲以上；主題遊樂園含動物園；一般成人票；不含水樂園聯票,六福村／台灣,張,PREQUALIFIED-EXACT2020,1,1,0,A,六福開發,UNREVIEWED,Batch 7 exact candidate; same adult land-park ticket definition is directly observable in dated historical and current private sources; promotional effective prices excluded.,1,1,NEW SEARCH — see Evidence
NEW-LEISURE-JANFUSUN-ADULT,,,1,樂,樂園／休閒,,,劍湖山世界,成人全票（水陸一票）,18歲以上成人；常態全票；水陸一票；非促銷,劍湖山世界／台灣,張,PREQUALIFIED-EXACT2020,1,1,0,A,劍湖山世界,UNREVIEWED,Batch 7 exact candidate; dated media identifies the normal full-ticket reference and current official page gives the same full adult water-and-land admission class.,1,1,NEW SEARCH — see Evidence
NEW-LEISURE-LIHPAO-DISCOVERY-ADULT,,,1,樂,樂園／休閒,,,麗寶樂園,探索世界 成人全票,19歲(含)以上；探索世界成人全票；不含水陸聯票；採正常原價,麗寶樂園／台灣,張,PREQUALIFIED-EXACT2020,1,1,0,A,麗寶集團,UNREVIEWED,Batch 7 exact candidate; historical corporate partner document and current operator page both state the normal/original adult ticket reference; discounts excluded.,1,1,NEW SEARCH — see Evidence
NEW-LEISURE-DINGDONG-ADULT,,,1,樂,樂園／休閒,,,小叮噹科學主題樂園,成人全票,高中以上至60歲以下成人；一般全票；非鄉民／團體／本月優惠,小叮噹科學主題樂園／台灣,張,PREQUALIFIED-EXACT2020,1,1,0,A,小叮噹科學主題樂園,UNREVIEWED,"Batch 7 exact candidate; historical dated media explicitly separates original and promotional prices, and current official tariff separates individual normal fare from discounts.",1,1,NEW SEARCH — see Evidence
NEW-LEISURE-XPARK-ADULT,,,1,樂,體驗／休閒場館,,,Xpark,成人票,18歲(含)以上；現場成人票；非團體,Xpark／台灣,張,PREQUALIFIED-EXACT2020,1,1,0,A,Xpark／橫濱八景島,UNREVIEWED,Batch 7 exact candidate; 2020 opening-period adult ticket and current official on-site adult ticket match the same admission class.,1,1,NEW SEARCH — see Evidence
NEW-LEISURE-TAIPEI101-ADULT,,,1,樂,體驗／休閒場館,,,台北101,觀景台一般成人票,一般成人；89F、88F標準觀景台；非快速通關／Skyline 460,台北101觀景台／台灣,張,PREQUALIFIED-EXACT2020,1,1,0,A,台北金融大樓,UNREVIEWED,Batch 7 exact candidate; dated 2020 travel media states the normal standard-observatory price and current official page shows the same standard adult access.,1,1,NEW SEARCH — see Evidence
NEW-LEISURE-LIHPAO-SKYDREAM-ADULT,,,1,樂,體驗／休閒場館,,,麗寶天空之夢,天空之夢一般車廂全票,12歲(含)以上；一般車廂全票；非快速通關／主題車廂,麗寶天空之夢／台灣,張,PREQUALIFIED-EXACT2020,1,1,0,A,麗寶集團,UNREVIEWED,Batch 7 exact candidate; 2020 corporate partner document and current operator tariff match the normal general-cabin full ticket; temporary discounts excluded.,1,1,NEW SEARCH — see Evidence
NEW-LEISURE-APPLETV-MONTHLY,,,1,樂,串流影音／音樂,,,Apple,Apple TV（原 Apple TV+）月訂閱,台灣區；標準月訂閱；免費試用／裝置贈送／Apple One組合不計,Apple 台灣,月,PREQUALIFIED-EXACT2020,1,1,0,A,Apple,UNREVIEWED,"Batch 7 exact candidate; Apple official 2020 newsroom and current Apple Taiwan page directly state the standard monthly subscription; service lineage is continuous across the Apple TV+ → Apple TV naming change, with trial/bundle prices excluded.",1,1,NEW SEARCH — see Evidence
NEW-LEISURE-APPLE-ARCADE-MONTHLY,,,1,樂,遊戲／數位娛樂,,,Apple,Apple Arcade 月訂閱,台灣區；標準月訂閱／家人共享；免費試用／Apple One組合不計,Apple 台灣,月,PREQUALIFIED-EXACT2020,1,1,0,A,Apple,UNREVIEWED,Batch 7 exact candidate; Apple official 2020 newsroom and current Apple Taiwan page directly state the standard monthly subscription; bundle/trial prices excluded.,1,1,NEW SEARCH — see Evidence
NEW-HOME-IKEA-PARKLA-10395384,,,1,住／家用,家居／收納／小家具,,,IKEA,PÄRKLA 收納盒,產品編號 103.953.84；55×49×19cm,IKEA Taiwan,件,PREQUALIFIED-EXACT2020,1,1,0,A,IKEA,UNREVIEWED,Batch 8 exact candidate; same IKEA Taiwan product number across 2020 and 2026. This brings IKEA new admissions to the brand cap; FREEZE NEW after Batch 8.,1,1,NEW SEARCH — see Evidence
NEW-HOME-IKEA-VITVAL-60411273,,,1,住／家用,家居／收納／小家具,,,IKEA,VITVAL 上下舖床框,產品編號 604.112.73；90×200cm；白色/淺灰色,IKEA Taiwan,件,PREQUALIFIED-EXACT2020,1,1,0,A,IKEA,UNREVIEWED,Batch 8 exact candidate; same IKEA Taiwan product number and size across 2020 and 2026. IKEA × 家居收納 reaches reference cap 5; FREEZE NEW.,1,1,NEW SEARCH — see Evidence
NEW-MOB-GOSHARE-WHITE-AFTER6-MIN,,,1,行,共享交通,,,GoShare,白牌車第 7 分鐘起一般騎乘費率,GoShare 隨借隨還；白牌一般車款；前6分鐘後之騎乘模式；非暫停模式／非活動價,GoShare Taiwan,分鐘,PREQUALIFIED-EXACT2020,1,1,0,A,Gogoro,UNREVIEWED,"Batch 8 exact candidate; 2020 operator page explicitly labels NT$2.5/min as normal/original rate, excluding the promotion. Current operator page states NT$3/min after the first 6 minutes. GoShare family reaches 2 variants; FREEZE family.",1,1,NEW SEARCH — see Evidence
NEW-MOB-THSR-BAN-TNN,,,1,行,民營交通服務,,,台灣高鐵,板橋→台南 標準車廂對號座全票,板橋站→台南站；標準車廂；對號座；普通全票；非早鳥/信用卡折扣,台灣高鐵,單程,PREQUALIFIED-EXACT2020,1,1,0,A,台灣高鐵,UNREVIEWED,Batch 8 exact candidate; same operator/OD/fare type/seat class. The reused 2020 historical source reaches cumulative source cap 6; FREEZE NEW from that source.,1,1,NEW SEARCH — see Evidence
